Machine Error Code;Error Text;MES error Code
DG001;Degate move to HOME position failed;1
DG002;Degate move to CLAMP position failed;2
DG003;Degate move to PUNCH position failed;3
DG004;Degate Separator move to CLOSE position failed;4
DG005;Degate Separator move to OPEN position failed;5
DG006;Degate Sweeper move to  BACKWARD position failed;6
DG007;Degate Sweeper move to FORWARD position failed;7
DG008;Degates Vacuum move to OFF position failed;8
DG009;Degate Vacuum move to ON position failed;9
DG010;Degate Air Valve move to OFF position failed;10
DG011;Degate Air Valve move to ON position failed;11
DG012;Degate COMMUTATE failed;12
DG013;Detected Offloader not at Safe Position!;13
DG014;Degate not at Safe Position (Sensor);14
DG015;Degate IC Fill Detection move to OFF position failed;15
DG016;Degate detected Incomplete Fill!;16
DG017;Degate Brake move to ON position failed;17
DG018;Degate Brake move to OFF position failed;18
DG019;Offloader Y has NOT HOME;19
DG020;Output Pick Arm has NOT HOME;20
DG021;Degate move to UP position failed;21
DG022;Degate detected LF Misalignment (Pin Sensor);22
DG023;Degate Position Unknown;23
DG024;Degate Bin Full;24
DG025;Degate Spearator at Open Position;25
DG026;IM Air Purge To Turn OFF Fail!;26
DG027;IM Air Purge To Turn ON Fail!;27
DG028;Degate detected LF Warpage (Thru Beam Sensor);28
DG029;Clear Degate Motor Error Fail;29
DG030;Degate Cull Bin Not Present;30
DG031;Degate move to Safe Up position failed;31
DG032;Detected Unknown LF Status at Degate;32
DG033;Detected Partial LF Present in Degate;33
DG034;Detected LF Missing at Degate;34
DG035;Detected LF Still Present at Degate after Picked;35
DG036;Degater Move to Clean position failed;36
DG037;Flipper Degate not back to Offloader Pos;37
DG038;Please Remove LFs on Bottom Degate!;38
DG039;Detected Output Pickarm not at Safe Pos!;39
DG040;Detected Degate Channel Control Error!;40
DG041;Detected Degate Channel Search Timeout Error!;41
DG042;Detected Degate Channel Hit Limit Sensor Error!;42
DG043;Detected Degate Channel Encoder Fault Error!;43
DG044;Detected Degate Channel Driver Fault Error!;44
DG045;Detected Degate Channel Exceed SW Pos Limit Error!;45
DG046;Detected Degate Channel Open Wire Fault Error!;46
DG047;Detected Degate Channel Velocity Jump Error!;47
DG048;Detected Degate Channel RTC Overload Error!;48
DG051;Degate detected LF missing after degate;51
DG052;Degate detected warpage after degate;52
DG053;Degate detected ionizer error;53
DG054;Degate Pin move to UP position failed;54
DG055;Degate Pin move to DOWN position failed;55
DG056;Degate move to LOAD position failed;56
ICS001;Input Carrier Shuttle X move to HOME position failed;201
ICS002;Input Carrier Shuttle X move to STANDBY position failed;202
ICS003;Input Carrier Shuttle X move to PICKLF position failed;203
ICS004;Input Carrier Shuttle X move to PICKLF2 position failed;204
ICS005;Input Carrier Shuttle X move to PLACELF position failed;205
ICS006;Input Carrier Shuttle X move to PLACELF2 position failed;206
ICS007;Input Carrier Shuttle Y move to HOME position failed;207
ICS008;Input Carrier Shuttle Y move to STANDBY position failed;208
ICS009;Input Carrier Shuttle Y move to PICKLF position failed;209
ICS010;Input Carrier Shuttle Y move to PICKLF2 position failed;210
ICS011;Input Carrier Shuttle Y move to PLACELF position failed;211
ICS012;Input Carrier Shuttle Y move to PLACELF2 position failed;212
ICS013;Input Carrier Shuttle Z move to UP position failed;213
ICS014;Input Carrier Shuttle Z move to DOWN position failed;214
ICS015;Input Carrier Shuttle Gripper move to CLOSE position failed;215
ICS016;Input Carrier Shuttle Gripper move to OPEN position failed;216
ICS017;Input Carrier Shuttle detected Unknown LF Present.;217
ICS018;Input Carrier Shuttle detected LF Missing.;218
ICS019;Input Carrier Shuttle detected Abnormal LF Condition.;219
ICS020;Input Carrier Shuttle X clear limit failed.;220
ICS021;Input Carrier Shuttle X commutate failed.;221
ICS022;Input Carrier Shuttle Y clear limit failed.;222
ICS023;Input Carrier Shuttle Y commutate failed.;223
ICS024;Input Carrier Shuttle detected LF Present Partially.;224
ICS025;Input Carrier Shuttle detected LF Not Present.;225
ICS026;Input Carrier Shuttle detected Invalid LF Status.;226
ICS027;Input Carrier Shuttle Z not at UP position.;227
ICS028;Input Carrier Shuttle detected ITA not safe.;228
ICS029;Input Carrier Shuttle detected Onloader not safe.;229
ICS030;Input Carrier Shuttle detected IR Heater not safe.;230
ICS031;Input Carrier Shuttle detected X not at PICKLF position.;231
ICS032;Input Carrier Shuttle detected X not at PICKLF2 position.;232
ICS033;Input Carrier Shuttle detected X not at PLACELF position.;233
ICS034;Input Carrier Shuttle detected X not at PLACELF2 position.;234
ICS035;Input Carrier Shuttle detected X not Safe.;235
ICS036;Input Carrier Shuttle detected X move to PreWarm 1 pos not safe.;236
ICS037;Input Carrier Shuttle detected X move to PreWarm 2 pos not safe.;237
ICS038;Input Carrier Shuttle detected Y not safe.;238
ICS039;Input Carrier Shuttle detected Y move to PreHeat 1 pos not safe.;239
ICS040;Input Carrier Shuttle detected Y move to PreHeat 2 pos not safe.;240
ICS041;Input Carrier Shuttle detected ITA Y not at Home position;241
ICS043;Input Carrier Shuttle detected abnormal tray status (wrong tray / units remain);243
ICS045;Input Carrier Shuttle X move to REJECT position failed;245
ICS046;Input Carrier Shuttle Y move to REJECT position failed;246
ICS047;Input Carrier Shuttle X not at REJECT position;247
ICS048;Input Carrier Shuttle Y not at REJECT position;248
ICS049;Input Carrier Shuttle failed to connect vision;249
ICS050;Input Carrier Shuttle failed to read vision result;250
ICS060;Input Carrier Shuttle detected X Channel control error;260
ICS061;Input Carrier Shuttle detected X Channel search timeout error;261
ICS062;Input Carrier Shuttle detected X Channel hit limit sensor error;262
ICS063;Input Carrier Shuttle detected X Channel encoder fault error;263
ICS064;Input Carrier Shuttle detected X Channel driver fault error;264
ICS065;Input Carrier Shuttle detected X Channel exceed software position limit error;265
ICS066;Input Carrier Shuttle detected X Channel open wire fault error;266
ICS067;Input Carrier Shuttle detected X Channel velocity jump error;267
ICS068;Input Carrier Shuttle detected X Channel RTC overload error;268
ICS070;Input Carrier Shuttle detected Y Channel control error;270
ICS071;Input Carrier Shuttle detected Y Channel search timeout error;271
ICS072;Input Carrier Shuttle detected Y Channel hit limit sensor error;272
ICS073;Input Carrier Shuttle detected Y Channel encoder fault error;273
ICS074;Input Carrier Shuttle detected Y Channel driver fault error;274
ICS075;Input Carrier Shuttle detected Y Channel exceed software position limit error;275
ICS076;Input Carrier Shuttle detected Y Channel open wire fault error;276
ICS077;Input Carrier Shuttle detected Y Channel velocity jump error;277
ICS078;Input Carrier Shuttle detected Y Channel RTC overload error;278
IHP1001;Input Pre-Heater 1 Vacuum move to OFF position failed;401
IHP1002;Input Pre-Heater 1 Vacuum move to ON position failed;402
IHP1003;Input Pre-Heater 1 Vacuum Power move to OFF position failed;403
IHP1004;Input Pre-Heater 1 Vacuum Power move to ON position failed;404
IHP1005;Input Pre-Heater 1 Temperature OUT of Tolerance;405
IHP1006;Input Pre-Heater 1 Temperature Controller Error;406
IHP1007;Input Pre-Heater 1 Dust cover move to BWD position failed;407
IHP1008;Input Pre-Heater 1 Dust cover move to FWD position failed;408
IHP1009;Input Pre-Heater 1 detected Unknown Lead frame Present;409
IHP1010;Input Pre-Heater 1 detected Lead Frame missing;410
IHP1011;Input Pre-Heater 1 detected Lead frame Abnormal Condition.;411
IHP1012;Input Pre-Heater 1 detected Gripper Close failed.;412
IHP1013;Input Pre-Heater 1 detected Gripper Open failed.;413
IHP1014;Input Pre-Heater 1 detected Mis-alignment;414
IHP1015;Input Pre-Heater 1 detected LF Overheated;415
IHP1016;Input Pre-Heater 1 IR Heater Z move to HOME position failed ;416
IHP1017;Input Pre-Heater 1 IR Heater Z move to UP position failed ;417
IHP1018;Input Pre-Heater 1 IR Heater Z move to DOWN position failed ;418
IHP1019;Input Pre-Heater 1 Brake move to OFF position failed;419
IHP1020;Input Pre-Heater 1 Brake move to ON position failed;420
IHP1021;Input Pre-Heater 1 detected Side PRP Lock failed.;421
IHP1022;Input Pre-Heater 1 detected Side PRP Unlock failed.;422
IHP1023;Input Pre-Heater 1 detected Middle PRP Lock failed.;423
IHP1024;Input Pre-Heater 1 detected Middle PRP Unlock failed.;424
IHP1025;Input Pre-Heater 1 detected TC PRP Lock failed.;425
IHP1026;Input Pre-Heater 1 detected TC PRP Unload failed.;426
IHP1027;Input Pre-Heater 1 detected IR Heater Z Clear Limit failed;427
IHP1028;Input Pre-Heater 1 detected Carrier Shuttle not safe.;428
IHP1029;Input Pre-Heater 1 detected Onloader not safe.;429
IHP1030;Input Pre-Heater 1 detected Heater Z not at down position.;430
IHP1031;Input Pre-Heater 1 detected IR Heater on/off error.;431
IHP1032;Input Pre-Heater 1 detected Thermoswitch trigger.;432
IHP1033;Input Pre-Heater 1 detected Heater not ON.;433
IHP1034;Input Pre-Heater 1 detected IR Heater temperature out of tolerance.;434
IHP1035;Input Pre-Heater 1 detected IR Heater temperature overtime.;435
IHP1036;Input Pre-Heater 1 detected PRP temperature out of tolerance.;436
IHP1037;Input Pre-Heater 1 detected IR Heater move to Down pos not safe.;437
IHP1038;Input Pre-Heater 1 detected Heater Z move to PRP position failed.;438
IHP1039;Input Pre-Heater 1 detected abnormal IR heater temperature;439
IHP1050;Input Pre-Heater 1 detected Heater Z Channel control error;450
IHP1051;Input Pre-Heater 1 detected Y Channel search timeout error;451
IHP1052;Input Pre-Heater 1 detected Y Channel hit limit sensor error;452
IHP1053;Input Pre-Heater 1 detected Y Channel encoder fault error;453
IHP1054;Input Pre-Heater 1 detected Y Channel driver fault error;454
IHP1055;Input Pre-Heater 1 detected Y Channel exceed software position limit error;455
IHP1056;Input Pre-Heater 1 detected Y Channel open wire fault error;456
IHP1057;Input Pre-Heater 1 detected Y Channel velocity jump error;457
IHP1058;Input Pre-Heater 1 detected Y Channel RTC overload error;458
IHP2001;Input Pre-Heater 2 Vacuum move to OFF position failed;601
IHP2002;Input Pre-Heater 2 Vacuum move to ON position failed;602
IHP2003;Input Pre-Heater 2 Vacuum Power move to OFF position failed;603
IHP2004;Input Pre-Heater 2 Vacuum Power move to ON position failed;604
IHP2005;Input Pre-Heater 2 Temperature OUT of Tolerance;605
IHP2006;Input Pre-Heater 2 Temperature Controller Error;606
IHP2007;Input Pre-Heater 2 Dust cover move to BWD position failed;607
IHP2008;Input Pre-Heater 2 Dust cover move to FWD position failed;608
IHP2009;Input Pre-Heater 2 detected Unknown Lead frame Present;609
IHP2010;Input Pre-Heater 2 detected Lead Frame missing;610
IHP2011;Input Pre-Heater 2 detected Lead frame Abnormal Condition.;611
IHP2012;Input Pre-Heater 2 detected Gripper Close failed.;612
IHP2013;Input Pre-Heater 2 detected Gripper Open failed.;613
IHP2014;Input Pre-Heater 2 detected Mis-alignment;614
IHP2015;Input Pre-Heater 2 detected LF Overheated;615
IHP2016;Input Pre-Heater 2 IR Heater Z move to HOME position failed ;616
IHP2017;Input Pre-Heater 2 IR Heater Z move to UP position failed ;617
IHP2018;Input Pre-Heater 2 IR Heater Z move to DOWN position failed ;618
IHP2019;Input Pre-Heater 2 Brake move to OFF position failed;619
IHP2020;Input Pre-Heater 2 Brake move to ON position failed;620
IHP2021;Input Pre-Heater 2 detected Side PRP Lock failed.;621
IHP2022;Input Pre-Heater 2 detected Side PRP Unlock failed.;622
IHP2023;Input Pre-Heater 2 detected Middle PRP Lock failed.;623
IHP2024;Input Pre-Heater 2 detected Middle PRP Unlock failed.;624
IHP2025;Input Pre-Heater 2 detected TC PRP Lock failed.;625
IHP2026;Input Pre-Heater 2 detected TC PRP Unlock failed.;626
IHP2027;Input Pre-Heater 2 detected IR Heater Z Clear Limit failed;627
IHP2028;Input Pre-Heater 2 detected Carrier Shuttle not safe.;628
IHP2029;Input Pre-Heater 2 detected Onloader not safe.;629
IHP2030;Input Pre-Heater 2 detected Heater Z not at down position.;630
IHP2031;Input Pre-Heater 2 detected IR Heater on/off error.;631
IHP2032;Input Pre-Heater 2 detected Thermoswitch trigger.;632
IHP2033;Input Pre-Heater 2 detected Heater not ON.;633
IHP2034;Input Pre-Heater 2 detected IR Heater temperature out of tolerance.;634
IHP2035;Input Pre-Heater 2 detected IR Heater temperature overtime.;635
IHP2036;Input Pre-Heater 2 detected PRP temperature out of tolerance.;636
IHP2037;Input Pre-Heater 2 detected IR Heater move to Down pos not safe.;637
IHP2038;Input Pre-Heater 2 detected Heater Z move to PRP position failed.;638
IHP2039;Input Pre-Heater 2 detected abnormal IR heater temperature;639
IHP2050;Input Pre-Heater 2 detected Heater Z Channel control error;640
IHP2051;Input Pre-Heater 2 detected Y Channel search timeout error;641
IHP2052;Input Pre-Heater 2 detected Y Channel hit limit sensor error;642
IHP2053;Input Pre-Heater 2 detected Y Channel encoder fault error;643
IHP2054;Input Pre-Heater 2 detected Y Channel driver fault error;644
IHP2055;Input Pre-Heater 2 detected Y Channel exceed software position limit error;645
IHP2056;Input Pre-Heater 2 detected Y Channel open wire fault error;646
IHP2057;Input Pre-Heater 2 detected Y Channel velocity jump error;647
IHP2058;Input Pre-Heater 2 detected Y Channel RTC overload error;648
ILB001;Input Loading Bridge Conveyor Move To Home Position Failed;801
ILB002;Input Loading Bridge Conveyor Search Front Sensor Failed;802
ILB003;Input Loading Bridge Conveyor Search Back Sensor Failed;803
ILB004;Input Loading Bridge Conveyor Search Lifter Sensor Failed;804
ILB005;Input Loading Bridge Door Button Move To Off Position Failed;805
ILB006;Input Loading Bridge Door Button Move To On Position Failed;806
ILB007;Input Loading Bridge detected Lifter Not Up;807
ILB008;Input Loading Bridge detected Lifter Not Empty;808
ILB011;Input Loading Bridge HandShake Ready Off Failed;811
ILB012;Input Loading Bridge HandShake Ready On Failed;812
ILB013;Input Loading Bridge HandShake Acknowledgement Off Failed;813
ILB014;Input Loading Bridge HandShake Acknowledgement On Failed;814
ILB015;Input Loading Bridge HandShake Material Send Off Failed;815
ILB016;Input Loading Bridge HandShake Material Send On Failed;816
ILB017;Input Loading Bridge HandShake Start Lot Off Failed;817
ILB018;Input Loading Bridge HandShake Start Lot On Failed;818
ILB019;Input Loading Bridge HandShake End Lot Off Failed;819
ILB020;Input Loading Bridge HandShake End Lot On Failed;820
ILB023;Input Loading Bridge move Mag to lifter failed;823
ILB051;Input Loading Bridge Request Unlock Time Out ;851
ILB052;Input Loading Bridge Mag Door Close Error.;852
ILP001;Input Load Platform Conveyor Move To Srch Sensor 1 Position Failed;901
ILP002;Input Load Platform Conveyor Move To Srch Sensor 2 Position Failed;902
ILP003;Input Load Platform Conveyor Move To Srch End Sensor Position Failed;903
ILP004;Input Load Platform Roller Failed to Load Magazine;904
ILP005;Input Load Platform Lifter Move To Down Position Failed;905
ILP006;Input Load Platform Lifter Move To Up Position Failed;906
ILP007;Input Load Platform Lifter Not At Down Position;907
ILP008;Input Load Platform Lifter Not At Up Position;908
ILP009;Input Loading Platform Open Door Button Light On Fail;909
ILP010;Input Loading Platform Detected Magazine On Platform;910
ILP011;Input Loading Platform Detected Platform Is Empty;911
ILP012;Input Loading Platform PIO Load Request On Failed;912
ILP013;Input Loading Platform PIO Load Request Off Failed;913
ILP014;Input Loading Platform PIO Abort On Failed;914
ILP015;Input Loading Platform PIO Abort Off Failed;915
ILP016;Input Loading Platform PIO Ready On Failed;916
ILP017;Input Loading Platform PIO Ready Off Failed;917
ILP018;Input Loading Platform AGV Top Door Open Failed;918
ILP019;Input Loading Platform AGV Top Door Close Failed;919
ILP020;Input Loading Platform AGV Bottom Door Open Failed;920
ILP021;Input Loading Platform AGV Bottom Door Close Failed;921
ILP022;Input Loading Platform detected Top AGV door Not Open;922
ILP023;Input Loading Platform detected Bottom AGV door Not Open;923
ILP024;Input Loading Platform detected AGV Not Send TR Request please resend;924
ILP025;Input Loading Platform detected AGV Not Send Busy please resend;925
ILP026;Input Loading Platform detected AGV Place Mag to Platform Timeout please retry;926
ILP027;Input Loading Platform detected AGV Move Away from Platform Timeout please retry;927
ILP028;Input Loading Platform detected AGV Not Send Complete please resend;928
IME001;Input Mag Z COMMUTATE failed;1101
IME002;Input Mag Z move to HOME position failed;1102
IME003;Input Mag Z move to LOAD position failed;1103
IME004;Input Mag Z move to POST LOAD position failed;1104
IME005;Input Mag Z move to PRE UNLOAD position failed;1105
IME006;Input Mag Z move to UNLOAD position failed;1106
IME007;Input Mag Z move to FIRST SLOT position failed;1107
IME008;Input Mag Z move to SLOT position failed;1108
IME009;Input Mag Z Brake move to OFF position failed;1109
IME010;Input Mag Z Brake move to ON position failed;1110
IME011;Input Mag Y move to HOME position failed;1111
IME012;Input Mag Y move to LOAD position failed;1112
IME013;Input Mag Y move to TRACK position failed;1113
IME014;Input Mag Y move to UNLOAD position failed;1114
IME015;Input Mag Clamp Z move to HOME position failed;1115
IME016;Input Mag Clamp Z move to STANDBY position failed;1116
IME017;Input Mag Clamp Z move to CLAMP position failed;1117
IME018;Input Mag Ejector move to BACKWARD position failed;1118
IME019;Input Mag Ejector move to FORWARD position failed;1119
IME020;Input Mag Ejector not at BACKWARD position;1120
IME021;Input Mag Ejector Jammed;1121
IME022;Input Mag detected Indexer at UNKNOWN position;1122
IME023;Input Mag detected LF in between track;1123
IME024;Input Mag Y not at TRACK position;1124
IME025;Input Mag detected Magazine not present;1125
IME026;Input Mag detected Magazine not clamp;1126
IME027;Input Mag Z not at LOAD position;1127
IME028;Input Mag Z not at POST LOAD position;1128
IME029;Input Mag Z not at PRE UNLOAD position;1129
IME030;Input Mag Z not at UNLOAD position;1130
IME031;Input Mag detected Magazine present;1131
IME032;Input Mag detected Clamp Sensor is triggered;1132
IME033;Input Mag detected Clamp Sensor is not triggered;1133
IME034;Input Mag Z not at SLOT position;1134
IME035;Input Mag detected no LF out from Magazine;1135
IME036;Input Mag detected Unload Platform full;1136
IME037;Input Mag Z clear limit failed;1137
IME038;Input Mag detected Reject LF in Magazine;1138
IME039;Input Mag waiting Lot Information;1139
IME040;Input Mag update Lot Start Info failed;1140
IME041;Input Mag update Magazine Processed Info failed;1141
IME042;Input Mag update Input Lot End Info failed;1142
IME043;Input Mag is waiting due to Max Lot already in system;1143
IME044;Input Mag request to scan for new Package Tag;1144
IME045;Input Mag scan Input Magazine ID failed;1145
IME046;Input Mag detected scanner COMM error;1146
IME047;Input Mag is waiting Lot Start verification from Host;1147
IME048;Input Mag is waiting Input Lot End verification from Host;1148
IME049;Input Mag detected Y is not at UNLOAD position;1149
IME050;Input Mag Clamp Z move to CLAMP SEARCH position failed;1150
IME051;Input Magazine Elevator Y Move Clear Platform Error! ;1151
IME052;Elevator Y Not at Home Pos!;1152
IME053;Elevator Y Not at Load Pos!;1153
IME054;Input Mag Z move to Post Unload Pos failed;1154
IME055;Input Mag detected Mag Present Sensor is Off;1155
IME056;Input Mag AGV Conveyor detected No Mag at Unload Position;1156
IME057;Input Mag detected barcode reader is not connected;1157
IME058;Input Mag detected read barcode failed;1158
IME059;Input Mag Z move to SCANID position failed;1159
IME090;Input Mag detected Z Channel control error;1190
IME091;Input Mag detected Z Channel search time out error;1191
IME092;Input Mag detected Z Channel hit limit sensor error;1192
IME093;Input Mag detected Z Channel encoder fault error;1193
IME094;Input Mag detected Z Channel driver fault error;1194
IME095;Input Mag detected Z Channel exceed software position limit error;1195
IME096;Input Mag detected Z Channel open wire fault error;1196
IME097;Input Mag detected Z Channel velocity jump error;1197
IME098;Input Mag detected Z Channel RTC overload error;1198
IME100;Input Mag detected Y Channel control error;1199
IME101;Input Mag detected Y Channel search time out error;1200
IME102;Input Mag detected Y Channel hit limit sensor error;1201
IME103;Input Mag detected Y Channel encoder fault error;1202
IME104;Input Mag detected Y Channel driver fault error;1203
IME105;Input Mag detected Y Channel exceed software position limit error;1204
IME106;Input Mag detected Y Channel open wire fault error;1205
IME107;Input Mag detected Y Channel velocity jump error;1206
IME108;Input Mag detected Y Channel RTC overload error;1207
IME110;Input Mag detected Clamp Z Channel control error;1210
IME111;Input Mag detected Clamp Z Channel search time out error;1211
IME112;Input Mag detected Clamp Z Channel hit limit sensor error;1212
IME113;Input Mag detected Clamp Z Channel encoder fault error;1213
IME114;Input Mag detected Clamp Z Channel driver fault error;1214
IME115;Input Mag detected Clamp Z Channel exceed software position limit error;1215
IME116;Input Mag detected Clamp Z Channel open wire fault error;1216
IME117;Input Mag detected Clamp Z Channel velocity jump error;1217
IME118;Input Mag detected Clamp Z Channel RTC overload error;1218
IME121;Input Mag PIO Unload Request On Failed;1221
IME122;Input Mag PIO Unload Request Off Failed;1222
IME123;Input Mag PIO Abort On Failed;1223
IME124;Input Mag PIO Abort Off Failed;1224
IME125;Input Mag PIO Ready On Failed;1225
IME126;Input Mag PIO Ready Off Failed;1226
IME127;Input Mag AGV Top Door Open Failed;1227
IME128;Input Mag AGV Top Door Close Failed;1228
IME129;Input Mag AGV Bottom Door Open Failed;1229
IME130;Input Mag AGV Bottom Door Close Failed;1230
IME131;Input Mag detected Top AGV door not Close;1231
IME132;Input Mag detected Bottom AGV door not Close;1232
IME133;Input Mag detected AGV Not Send TR Request please resend;1233
IME134;Input Mag detected AGV Not Send Busy please resend;1234
IME135;Input Mag detected AGV Move Mag from Platform Timeout please retry;1235
IME136;Input Mag detected AGV Move Away from Platform Timeout please retry;1236
IME137;Input Mag detected AGV Not Send Complete please resend;1237
ITA001;Input Pick Arm Y move to HOME position failed;1301
ITA002;Input Pick Arm Y move to PICK LF BWD position failed;1302
ITA003;Input Pick Arm Y move to PICK LF FWD position failed;1303
ITA004;Input Pick Arm Y move to STANDBY position failed;1304
ITA005;Input Pick Arm Y move to PLACE LF position failed;1305
ITA006;Input Pick Arm Y move to SRCH INDEX position failed;1306
ITA007;Input Pick Arm Z move to Prp Load position failed;1307
ITA008;Input Pick Arm Z move to HOME position failed;1308
ITA009;Input Pick Arm Z move to PICK position failed;1309
ITA010;Input Pick Arm Z move to UP position failed;1310
ITA011;Input Pick Arm Z move to PLACE position failed;1311
ITA012;Input Pick Arm Z move to SRCH INDEX position failed;1312
ITA013;Input Pick Arm Theta move to HOME position failed;1313
ITA014;Input Pick Arm Theta move to PICKLF position failed;1314
ITA015;Input Pick Arm Theta move to PLACELF position failed;1315
ITA016;Input Pick Arm Theta move to PICKLFROT position failed;1316
ITA017;Input Pick Arm Gripper1 move to CLOSE position failed;1317
ITA018;Input Pick Arm Gripper1 move to OPEN position failed;1318
ITA019;Input Pick Arm Gripper2 move to CLOSE position failed;1319
ITA020;Input Pick Arm Gripper2 move to OPEN position failed;1320
ITA021;Input Pick Arm Brake move to OFF position failed;1321
ITA022;Input Pick Arm Brake move to ON position failed;1322
ITA023;Input Pick Arm Y COMMUTATE failed;1323
ITA024;Input Pick Arm Z COMMUTATE failed;1324
ITA025;Input Pick Arm detected Input Indexer not at Safe Position!;1325
ITA026;Input Pick Arm detected LF not safe to place;1326
ITA027;Input Pick Arm Y clear limit failed;1327
ITA028;Input Pick Arm Z clear limit failed;1328
ITA029;Input Pick Arm detected Onloader not at HOME position;1329
ITA030;Input Pick Arm Theta not safe to rotate;1330
ITA031;Input Pick Arm Z not at UP position;1331
ITA032;Input Pick Arm Gripper not at CLOSE position;1332
ITA033;Input Pick Arm Gripper not at OPEN position;1333
ITA034;Input Pick Arm Y not at PLACE position;1334
ITA035;Input Pick Arm Track Cover not at OPEN position;1335
ITA036;Input Pick Arm Theta not at correct position;1336
ITA037;Input Pick Arm Y not at PICK position;1337
ITA038;Input Pick Arm detected Indexer not at HOME position;1338
ITA039;Input Pick Arm detected partial LF present;1339
ITA040;Input Pick Arm detected missing LF after pick;1340
ITA041;Input Pick Arm detected Unknown LF present;1341
ITA042;Input Pick Arm Y not safe to move;1342
ITA043;Input Pick Arm Gripper 1 not safe to OPEN position;1343
ITA044;Input Pick Arm Gripper 2 not safe to OPEN position;1344
ITA045;Input Pick Arm detected invalid LF present status;1345
ITA046;Input Pick Arm Gripper not safe to move;1346
ITA047;Input Pick Arm detected LF remain after place;1347
ITA048;Input Pick Arm Gripper Cylinder not at CLOSE position;1348
ITA049;Input Pick Arm Z not safe to move UP position;1349
ITA050;Input Pick Arm detected LF present before pick;1350
ITA051;Input Pick Arm Z move to PRE UP position failed;1351
ITA052;Input Pick Arm detected Indexer not at safe position;1352
ITA053;Detected Y Arm not at safe position!;1353
ITA054;Input Pick Arm detected LF not present;1354
ITA055;Input Pick Arm detected Onloader not at safe position;1355
ITA056;Input Pick Arm X move to HOME position failed;1356
ITA057;Input Pick Arm X clear limit failed;1357
ITA058;Input Pick Arm X COMMUTATE failed;1358
ITA059;Input Pick Arm X move to STANDBY position failed;1359
ITA060;Input Pick Arm X move to PLACELF1 position failed;1360
ITA061;Input Pick Arm X move to PLACELF2 position failed;1361
ITA062;Input Pick Arm Y move to PLACELF2 position failed;1362
ITA063;Input Pick Arm Z move to PLACELF2 position failed;1363
ITA064;Input Pick Arm Theta move to PLACELF2 position failed;1364
ITA065;Input Pick Arm X move to REJECT position failed;1365
ITA066;Input Pick Arm Y move to REJECT position failed;1366
ITA067;Input Pick Arm Z move to REJECT position failed;1367
ITA068;Input Pick Arm Theta move to REJECT position failed;1368
ITA069;Input Pick Arm detected X Arm not at HOME position;1369
ITA070;Input Pick Arm detected X Channel control error;1370
ITA071;Input Pick Arm detected X Channel search timeout error;1371
ITA072;Input Pick Arm detected X Channel hit limit sensor error;1372
ITA073;Input Pick Arm detected X Channel encoder fault error;1373
ITA074;Input Pick Arm detected X Channel driver fault error;1374
ITA075;Input Pick Arm detected X Channel exceed software position limit error;1375
ITA076;Input Pick Arm detected X Channel open wire fault error;1376
ITA077;Input Pick Arm detected X Channel velocity jump error;1377
ITA078;Input Pick Arm detected X Channel RTC overload error;1378
ITA080;Input Pick Arm detected Y Channel control error;1380
ITA081;Input Pick Arm detected Y Channel search timeout error;1381
ITA082;Input Pick Arm detected Y Channel hit limit sensor error;1382
ITA083;Input Pick Arm detected Y Channel encoder fault error;1383
ITA084;Input Pick Arm detected Y Channel driver fault error;1384
ITA085;Input Pick Arm detected Y Channel exceed software position limit error;1385
ITA086;Input Pick Arm detected Y Channel open wire fault error;1386
ITA087;Input Pick Arm detected Y Channel velocity jump error;1387
ITA088;Input Pick Arm detected Y Channel RTC overload error;1388
ITA090;Input Pick Arm detected Z Channel control error;1390
ITA091;Input Pick Arm detected Z Channel search timeout error;1391
ITA092;Input Pick Arm detected Z Channel hit limit sensor error;1392
ITA093;Input Pick Arm detected Z Channel encoder fault error;1393
ITA094;Input Pick Arm detected Z Channel driver fault error;1394
ITA095;Input Pick Arm detected Z Channel exceed software position limit error;1395
ITA096;Input Pick Arm detected Z Channel open wire fault error;1396
ITA097;Input Pick Arm detected Z Channel velocity jump error;1397
ITA098;Input Pick Arm detected Z Channel RTC overload error;1398
ITA100;Input Pick Arm detected Theta Channel control error;1400
ITA101;Input Pick Arm detected Theta Channel search timeout error;1401
ITA102;Input Pick Arm detected Theta Channel hit limit sensor error;1402
ITA103;Input Pick Arm detected Theta Channel encoder fault error;1403
ITA104;Input Pick Arm detected Theta Channel driver fault error;1404
ITA105;Input Pick Arm detected Theta Channel exceed software position limit error;1405
ITA106;Input Pick Arm detected Theta Channel open wire fault error;1406
ITA107;Input Pick Arm detected Theta Channel velocity jump error;1407
ITA108;Input Pick Arm detected Theta Channel RTC overload error;1408
ITA111;3GEye detected InPickArm Y Pick Alignment has abnormal downtrend signal;1411
ITA112;3GEye detected InPickArm Theta Pick Alignment has abnormal downtrend signal;1412
ITA113;3GEye detected InPickArm Y Place Alignment has abnormal downtrend signal;1413
ITA114;3GEye detected InPickArm Theta Place Alignment has abnormal downtrend signal;1414
ITA115;3GEye detected InPickArm Y Motor has abnormal downtrend signal;1415
ITA116;3GEye detected InPickArm Theta Motor has abnormal downtrend signal;1416
ITA120;Input Pick Arm detected X Arm not at PLACELF position;1420
ITA121;Input Pick Arm detected X Arm not at PLACELF2 position;1421
ITA122;Input Pick Arm detected X Arm not at STANDBY position;1422
ITA123;Input Pick Arm detected X Arm not at REJECT position;1423
ITA124;Input Pick Arm detected Y Arm not at PLACE2 position;1424
ITA125;Input Pick Arm detected Y Arm not at REJECT position;1425
ITA126;Input Pick Arm detected Carrier Shuttle not at safe position;1426
ITA127;Input Pick Arm detected abnormal tray status (wrong tray / units remain);1427
ITA128;Input Pick Arm detected Reject Tray ID error.;1428
ITA129;Input Pick Arm detected Reject Tray Door Not Close.;1429
ITA130;Input Pick Arm detected Place LF1 not safe.;1430
ITA131;Input Pick Arm detected Place LF2 not safe.;1431
ITA132;Input Pick Arm detected Arm Z move to STANDBY position failed.;1432
ITA133;Input Pick Arm detected Arm X move to PRP position failed.;1433
ITA134;Input Pick Arm detected Arm Y move to PRP position failed.;1434
ITA135;Input Pick Arm detected Arm Theta move to PRP position failed.;1435
ITA136;Input Pick Arm detected Arm X not at PRP position.;1436
ITA137;Input Pick Arm detected Arm Y not at PRP position.;1437
ITA138;Input Pick Arm detected Arm Theta not at PRP position.;1438
ITA139;Input Pick Arm detected wait host verify timeout.;1439
ITA140;Input Pick Arm detected empty tray;1440
ITA141;Input Pick Arm Theta move to RFID position failed;1441
ITA142;Input Pick Arm failed to connect vision;1442
ITA143;Input Pick Arm failed to read vision result;1443
ITA145;Input Pick Arm placed parts to reject station;1445
ITA146;Input Pick Arm detected carrier missing on Track;1446
ITK001;Input Track Indexer move to HOME position failed;1501
ITK002;Input Track Indexer move to STANDBY position failed;1502
ITK003;Input Track Indexer move to INSPECT position failed;1503
ITK004;Input Track Indexer move to  LFOUT position failed;1504
ITK005;Input Track Indexer move to END position failed;1505
ITK006;Input Track Indexer move to OverPull position failed;1506
ITK007;Input Track Indexer move to PUSH START position failed;1507
ITK008;Input Track Indexer move to PICK position failed;1508
ITK009;Input Track Indexer move to REJECT START position failed;1509
ITK010;Input Track Indexer move to REJECT END position failed;1510
ITK011;Input Track Indexer move to SRCH FRONTEDGE FAST position failed;1511
ITK012;Input Track Indexer move to SRCH FRONTEDGE position failed;1512
ITK013;Input Track Indexer move to SRCH BACKEDGE FAST position failed;1513
ITK014;Input Track Indexer move to SRCH BACKEDGE position failed;1514
ITK015;Input Track Indexer move to SRCH PUSH LF position failed;1515
ITK016;Input Track Indexer move to PUSH LF FWD position failed;1516
ITK017;Input Track Indexer move to OFFSET BWD position failed;1517
ITK018;Input Track Stopper move to HOME position failed;1518
ITK019;Input Track Stopper move to LF STOP position failed;1519
ITK020;Input Track Stopper move to SRCH STOP LF position failed;1520
ITK021;Input Track Stopper move to PUSH LF FWD position failed;1521
ITK022;Input Track Stopper move to OFFSET BWD position failed;1522
ITK023;Input Track Width move to HOME position failed;1523
ITK024;Input Track Width move to WIDTH position failed;1524
ITK025;Input Track Indexer COMMUTATE failed;1525
ITK026;Input Track Stopper COMMUTATE failed;1526
ITK027;Input Track Gripper1 move to OPEN position failed;1527
ITK028;Input Track Gripper1 move to CLOSE position failed;1528
ITK029;Input Track Kicker1 move to OPEN position failed;1529
ITK030;Input Track Kicker1 move to CLOSE position failed;1530
ITK031;Input Track Pusher1 move to UP position failed;1531
ITK032;Input Track Pusher1 move to DOWN position failed;1532
ITK033;Input Track Gripper2 move to OPEN position failed;1533
ITK034;Input Track Gripper2 move to CLOSE position failed;1534
ITK035;Input Track Kicker2 move to OPEN position failed;1535
ITK036;Input Track Kicker2 move to CLOSE position failed;1536
ITK037;Input Track Front Track move to OPEN position failed;1537
ITK038;Input Track Front Track move to CLOSE position failed;1538
ITK039;Input Track Back Track move to OPEN position failed;1539
ITK040;Input Track Back Track move to CLOSE position failed;1540
ITK041;Input Track detected Kicker Not Open;1541
ITK042;Input Track detected Pick Arm Z not at HOME position;1542
ITK043;Input Track Indexer not safe to move;1543
ITK044;Input Track detected Pusher not at UP position;1544
ITK045;Input Track detected Gripper not at OPEN position;1545
ITK046;Input Track Indexer clear limit failed;1546
ITK047;Input Track Stopper clear limit failed;1547
ITK048;Input Track Indexor move to SRCH CLR LF FWD position failed;1548
ITK049;Input Track Indexor move to SRCH CLR LF BWD position failed;1549
ITK050;Input Track Pusher2 move to UP position failed;1550
ITK051;Input Track Pusher2 move to DOWN position failed;1551
ITK052;Input Track Thickness Pin move to UP position failed;1552
ITK053;Input Track Thickness Pin move to DOWN position failed;1553
ITK054;Input Track detected Kicker not at CLOSE position;1554
ITK055;Input Track detected Gripper not at CLOSE position;1555
ITK056;Input Track detected Pusher not at DOWN position;1556
ITK057;Input Track Vision inspect LF failed;1557
ITK058;Input Track Indexer return LF failed;1558
ITK059;Input Track detected Unknown LF present on track;1559
ITK060;Input Track Pusher detect LF failed;1560
ITK061;Input Track Stopper detect LF Failed;1561
ITK062;Input Track Thickness Pin measure LF failed;1562
ITK063;Input Track Vision not initialize;1563
ITK064;Input Track Vision turn on Display failed;1564
ITK065;Input Track Vision turn off Display failed;1565
ITK066;Input Track Vision teach Autolight failed;1566
ITK067;Input Track Vision teach Orientation failed;1567
ITK068;Input Track Vision inspect failed;1568
ITK069;Input Track Vision teach Rotated LF failed;1569
ITK070;Input Track Vision teach Rejected LF failed;1570
ITK071;Input Track Vision detected undefined Channel;1571
ITK072;Input Track Indexer move to SRCH FRONTEDGE FAST 2 position failed;1572
ITK073;Input Track Indexer move to SRCH FRONTEDGE 2 position failed;1573
ITK074;Input Track Indexer move to SRCH BACKEDGE FAST 2 position failed;1574
ITK075;Input Track Indexer move to SRCH BACKEDGE 2 position failed;1575
ITK076;Input Track Indexer move to SRCHPUSHLF 2 position failed;1576
ITK077;Input Track Indexer move to SRCHCLRLFFWD 2 position failed;1577
ITK078;Input Track Indexer move to SRCHCLRLFBWD 2 position failed;1578
ITK079;Input Track Pusher not safe to move;1579
ITK080;Input Track detected abnormal LF position;1580
ITK081;Input Track move LF to Pick Arm PICK position failed;1581
ITK082;Input Track detected abnormal DAC Value set to Gripper;1582
ITK083;Input Track detected abnormal DAC Value set to Kicker;1583
ITK084;Input Track Stopper move to STANDBY position failed;1584
ITK085;Input Track preset Displacement Sensor failed;1585
ITK086;Input Track detected Displacement Sensor not initialize;1586
ITK087;Input Track detected LF missing;1587
ITK088;Input Track index LF failed;1588
ITK089;Input Track Stopper not safe to move due to Pick Arm not at HOME position;1589
ITK090;Input Track detected LF thickness out of tolerance;1590
ITK091;Input Track detected LF 2 thickness out of tolerance;1591
ITK092;Input Track LF inspection failed;1592
ITK093;Input Track LF inspection pass;1593
ITK094;Input Track detected Indexer at Unknown position;1594
ITK095;Input Track Vision teach Lead Count failed;1595
ITK096;Input Track Vision inspect Lead Count failed;1596
ITK097;Input Track Unit Pusher move to UP position failed;1597
ITK098;Input Track Unit Pusher move to DOWN position failed;1598
ITK099;Input Track Indexer move to SRCH STOPPER position failed;1599
ITK100;Input Track Indexer return Tray failed;1600
ITK101;Input Track Indexer receive Tray failed;1601
ITK102;Input Track Indexer move to PRE RETURN position failed;1602
ITK103;Input Track Indexer move to RETURN position failed;1603
ITK104;Input Track update LF Status failed;1604
ITK105;Input Track Middle Track move to UP position failed;1605
ITK106;Input Track Middle Track move to DOWN position failed;1606
ITK107;Input Track Middle Track move to 180 position failed;1607
ITK108;Input Track Middle Track move to 0 position failed;1608
ITK109;Input Track detected Middle Track not at DOWN position;1609
ITK110;Input Track detected Middle Track not at UP position;1610
ITK111;Input Track detected Middle Track not at aligned;1611
ITK112;Input Track detected Indexer not at STANDBY position;1612
ITK113;Input Track detected Stopper not at STANDBY position;1613
ITK114;Input Track detected Unknown LF;1614
ITK115;Input Track detected Pick Arm not at UP position;1615
ITK116;Input Track Indexer move to SRCH LF STOP 2 position failed;1616
ITK117;Input Track FM Kit Vacuum turn OFF failed;1617
ITK118;Input Track FM Kit Vacuum turn ON failed ;1618
ITK119;Input Track read 2D code failed;1619
ITK120;Input Track detected function not yet trained;1620
ITK121;Input Track detected Thickness Pin not at UP position;1621
ITK122;Input Track is waiting for manually key in LF 2D code;1622
ITK123;Input Track detected Host reject LF;1623
ITK124;Input Track detected Host 2D verification time out;1624
ITK125;Input Track detected Input Vision failed. Please remove LF from Track;1625
ITK126;Input Track detected Input Vision Communication failed;1626
ITK127;Input Track detected Tie Bar check failed;1627
ITK128;Input Track detected Die position failed;1628
ITK129;Input Track detected ionizer error;1629
ITK130;Input Track LF fails to detect by Pick Position Sensor;1630
ITK131;Input Track move to SRCH PICK position failed;1631
ITK132;Input Track detected Indexer Push failed. Please remove the LF in track manually;1632
ITK133;Input Track detected LF still on Track! Please remove it manually!;1633
ITK134;Input Track detected Die Count failed;1634
ITK135;Input Track detected LF slip;1635
ITK136;Input Track detected 2D reader is not connnected;1636
ITK137;Input Track detected LF Tape failed;1637
ITK138;Input Track detected LF over pull;1638
ITK139;Input Track detected Package Tag not found;1639
ITK140;Input Track detected LF Orientation Rotated!;1640
ITK141;Input Track detected LF Orientation Pass!;1641
ITK142;Input Track detected IME Ejector not at Bwd Pos;1642
ITK150;Input Track detected Indexer Channel control error it might be jammed;1650
ITK151;Input Track detected Indexer Channel search time out error;1651
ITK152;Input Track detected Indexer Channel hit limit sensor error;1652
ITK153;Input Track detected Indexer Channel encoder fault error;1653
ITK154;Input Track detected Indexer Channel driver fault error;1654
ITK155;Input Track detected Indexer Channel exceed software position limit error;1655
ITK156;Input Track detected Indexer Channel open wire fault error;1656
ITK157;Input Track detected Indexer Channel velocity jump error;1657
ITK158;Input Track detected Indexer Channel RTC overload error;1658
ITK160;Input Track detected Stopper Channel control error it might be jammed;1660
ITK161;Input Track detected Stopper Channel search time out error;1661
ITK162;Input Track detected Stopper Channel hit limit sensor error;1662
ITK163;Input Track detected Stopper Channel encoder fault error;1663
ITK164;Input Track detected Stopper Channel driver fault error;1664
ITK165;Input Track detected Stopper Channel exceed software position limit error;1665
ITK166;Input Track detected Stopper Channel open wire fault error;1666
ITK167;Input Track detected Stopper Channel velocity jump error;1667
ITK168;Input Track detected Stopper Channel RTC overload error;1668
IUB001;Input Unloading Bridge Conveyor Move To Home Position Failed;1801
IUB002;Input Unloading Bridge Conveyor Move To Front Position Failed;1802
IUB003;Input Unloading Bridge Conveyor Move To Back Position Failed;1803
IUB004;Input Unloading Bridge Conveyor Move To Mag Position Failed;1804
IUB005;Input Unloading Bridge Door Button Move To Off Position Failed;1805
IUB006;Input Unloading Bridge Door Button Move To On Position Failed;1806
IUB011;Input Unloading Bridge HandShake Ready Off Failed;1811
IUB012;Input Unloading Bridge HandShake Ready On Failed;1812
IUB013;Input Unloading Bridge HandShake Acknowledgement Off Failed;1813
IUB014;Input Unloading Bridge HandShake Acknowledgement On Failed;1814
IUB015;Input Unloading Bridge HandShake Material Send Off Failed;1815
IUB016;Input Unloading Bridge HandShake Material Send On Failed;1816
IUB017;Input Unloading Bridge HandShake Start Lot Off Failed;1817
IUB018;Input Unloading Bridge HandShake Start Lot On Failed;1818
IUB019;Input Unloading Bridge HandShake End Lot Off Failed;1819
IUB020;Input Unloading Bridge HandShake End Lot On Failed;1820
IUB051;Input Unloading Bridge Request Unlock Time Out ;1851
IUB052;Input Unloading Bridge Mag Door Close Error.;1852
IUP001;Input Unload Platform Conveyor Move To Srch Sensor 1 Position Failed;1901
IUP002;Input Unload Platform Conveyor Move To Srch Sensor 2 Position Failed;1902
IUP003;Input Unload Platform Conveyor Move To Srch Lifter Position Failed;1903
IUP004;Input Unload Platform Roller Failed to Unload Magazine Pos 1;1904
IUP005;Input Unload Platform Lifter Move To Down Position Failed;1905
IUP006;Input Unload Platform Lifter Move To Up Position Failed;1906
IUP007;Input Unload Platform Lifter Not At Down Position;1907
IUP008;Input Unload Platform Lifter Not At Up Position;1908
IUP009;Input Unload Platform request unlock timeout.;1909
IUP010;Input Unload Platform Mag Door Close failed.;1910
IUP011;Input Unload Platform Mag Door Button OFF failed.;1911
IUP012;Input Unload Platform Mag Door Button ON failed.;1912
IUP013;Input Unload Platform Roller Failed to Unload Magazine Pos 2;1913
IWP1001;Input Pre-Warm 1 Vacuum move to OFF position failed;2001
IWP1002;Input Pre-Warm 1 Vacuum move to ON position failed;2002
IWP1003;Input Pre-Warm 1 Vacuum Power move to OFF position failed;2003
IWP1004;Input Pre-Warm 1 Vacuum Power move to ON position failed;2004
IWP1005;Input Pre-Warm 1 Temperature OUT of Tolerance;2005
IWP1006;Input Pre-Warm 1 Temperature Controller Error;2006
IWP1007;Input Pre-Warm 1 Dust cover move to BWD position failed;2007
IWP1008;Input Pre-Warm 1 Dust cover move to FWD position failed;2008
IWP1009;Input Pre-Warm 1 detected Unknown Lead frame Present;2009
IWP1010;Input Pre-Warm 1 detected Lead Frame Missing;2010
IWP1011;Input Pre-Warm 1 detected Lead frame Abnormal Condition.;2011
IWP1012;Input Pre-Warm 1 detected Gripper Close failed.;2012
IWP1013;Input Pre-Warm 1 detected Gripper Open failed.;2013
IWP1014;Input Pre-Warm 1 detected Mis-alignment;2014
IWP1015;Input Pre-Warm 1 detected LF Overheated;2015
IWP1016;Input Pre-Warm 1 detected Side PRP Lock failed.;2016
IWP1017;Input Pre-Warm 1 detected Side PRP Unlock failed.;2017
IWP1018;Input Pre-Warm 1detected Middle PRP Lock failed.;2018
IWP1019;Input Pre-Warm 1 detected Middle PRP Unload failed.;2019
IWP1020;Input Pre-Warm 1 detected TC PRP Lock failed.;2020
IWP1021;Input Pre-Warm 1 detected TC PRP Unlock failed.;2021
IWP1022;Input Pre-Warm 1 detected Thermoswitch trigger.;2022
IWP1023;Input Pre-Warm 1 detected Heater not ON.;2023
IWP1024;Input Pre-Warm 1 detected monitor TC out of tolerance;2024
IWP2001;Input Pre-Warm 2 Vacuum move to OFF position failed;2101
IWP2002;Input Pre-Warm 2 Vacuum move to ON position failed;2102
IWP2003;Input Pre-Warm 2 Vacuum Power move to OFF position failed;2103
IWP2004;Input Pre-Warm 2 Vacuum Power move to ON position failed;2104
IWP2005;Input Pre-Warm 2 Temperature OUT of Tolerance;2105
IWP2006;Input Pre-Warm 2 Temperature Controller Error;2106
IWP2007;Input Pre-Warm 2 Dust cover move to BWD position failed;2107
IWP2008;Input Pre-Warm 2 Dust cover move to FWD position failed;2108
IWP2009;Input Pre-Warm 2 detected Unknown Lead frame Present;2109
IWP2010;Input Pre-Warm 2 detected Lead Frame Missing;2110
IWP2011;Input Pre-Warm 2 detected Lead frame Abnormal Condition.;2111
IWP2012;Input Pre-Warm 2 detected Gripper Close failed.;2112
IWP2013;Input Pre-Warm 2 detected Gripper Open failed.;2113
IWP2014;Input Pre-Warm 2 detected Mis-alignment;2114
IWP2015;Input Pre-Warm 2 detected LF Overheated;2115
IWP2016;Input Pre-Warm 2 detected Side PRP Lock failed.;2116
IWP2017;Input Pre-Warm 2 detected Side PRP Unlock failed.;2117
IWP2018;Input Pre-Warm 2 detected Middle PRP Lock failed.;2118
IWP2019;Input Pre-Warm 2 detected Middle PRP Unlock failed.;2119
IWP2020;Input Pre-Warm 2 detected TC PRP Lock failed.;2120
IWP2021;Input Pre-Warm 2 detected TC PRP Unload failed.;2121
IWP2022;Input Pre-Warm 2 detected Thermoswitch trigger.;2122
IWP2023;Input Pre-Warm 2 detected Heater not ON.;2123
IWP2024;Input Pre-Warm 2 detected monitor TC out of tolerance;2124
MP1001;Press 1 Left Wedge move to HOME position failed;2401
MP1002;Press 1 Left Wedge move to STANDBY position failed;2402
MP1003;Press 1 Left Wedge move to START position failed;2403
MP1004;Press 1 Left Wedge move to FILLING position failed;2404
MP1005;Press 1 Left Wedge move to PACKING position failed;2405
MP1006;Press 1 Left Wedge move to DECOMPRESS position failed;2406
MP1007;Press 1 Right Wedge move to HOME position failed;2407
MP1008;Press 1 Right Wedge move to STANDBY position failed;2408
MP1009;Press 1 Right Wedge move to START position failed;2409
MP1010;Press 1 Right Wedge move to FILLING position failed;2410
MP1011;Press 1 Right Wedge move to PACKING position failed;2411
MP1012;Press 1 Right Wedge move to DECOMPRESS position failed;2412
MP1013;Press 1 Top Wedge move to HOME position failed;2413
MP1014;Press 1 Top Wedge move to STANDBY position failed;2414
MP1015;Press 1 Top Wedge move to START position failed;2415
MP1016;Press 1 Top Wedge move to FILLING position failed;2416
MP1017;Press 1 Top Wedge move to PACKING position failed;2417
MP1018;Press 1 Top Wedge move to DECOMPRESS position failed;2418
MP1019;Press 1 Reset Safety move to OFF position failed;2419
MP1020;Press 1 Reset Safety move to ON position failed;2420
MP1021;Press 1 Offline Door move to OPEN position failed;2421
MP1022;Press 1 Offline Door move to CLOSE position failed;2422
MP1023;Press 1 Substrate Vacuum move to OFF position failed;2423
MP1024;Press 1 Substrate Vacuum move to ON position failed;2424
MP1025;Press 1 Substrate Air move to OFF position failed;2425
MP1026;Press 1 Substrate Air move to ON position failed;2426
MP1027;Press 1 Mold Avoid Void move to OFF position failed;2427
MP1028;Press 1 Mold Avoid Void move to ON position failed;2428
MP1029;Press 1 Mold Avoid Void Air move to OFF position failed;2429
MP1030;Press 1 Mold Avoid Void Air move to ON position failed;2430
MP1031;Press 1 Mold Chase Alignment Done!;2431
MP1032;Press 1 Platen Enc Calibration Done!;2432
MP1033;Press 1 Platen Enc Calibration Fail!;2433
MP1034;Press 1 Transfer Enc Calibration Done!;2434
MP1035;Press 1 Transfer Enc Calibration Fail!;2435
MP1036;Press 1 Film Outer Vacuum move to ON position failed;2436
MP1037;Press 1 Top Ejector move to UP position failed;2437
MP1038;Press 1 Top Ejector move to DOWN position failed;2438
MP1039;Press 1 Top Gripper move to CLOSE position failed;2439
MP1040;Press 1 Top Gripper move to OPEN position failed;2440
MP1041;Press 1 Cylinder Wedge move to OUT position failed;2441
MP1042;Press 1 Cylinder Wedge move to IN position failed;2442
MP1043;Press 1 Chase Pump 1 move to OFF position failed;2443
MP1044;Press 1 Chase Pump 1 move to ON position failed;2444
MP1045;Press 1 Chase Pump 2 move to OFF position failed;2445
MP1046;Press 1 Chase Pump 2 move to ON position failed;2446
MP1047;Press 1 Detected Incomplete Fill Signal from degate. Going offline!;2447
MP1048;Press 1 Detected Avoid Void Air Purge is On!;2448
MP1049;Press 1 Detected Substrate Air Purge is On!;2449
MP1050;Press 1 Detected Platen not at Safe Pos to On Air Blow!;2450
MP1051;Press 1 Hepa Filter move to OFF position failed;2451
MP1052;Press 1 Hepa Filter move to ON position failed;2452
MP1053;Press 1 Press Start Cure move to OFF position failed;2453
MP1054;Press 1 Press Start Cure move to ON position failed;2454
MP1055;Press 1 Left Wedge COMMUTATE failed;2455
MP1056;Press 1 Right Wedge COMMUTATE failed;2456
MP1057;Press 1 Top Wedge COMMUTATE failed;2457
MP1058;Press 1 Offline Door NOT SAFE to move to CLOSE position;2458
MP1059;Press 1 Press Platen NOT SAFE to move to CLOSE position;2459
MP1060;Press 1 Safety Screen RESET failed;2460
MP1061;Press 1 Servo Power POWER ON failed;2461
MP1062;Press 1 Servo Power POWER OFF failed;2462
MP1063;Press 1 Transfer has NOT INITIALIZE;2463
MP1064;Press 1 Platen has NOT INITIALIZE;2464
MP1065;Press 1 Platen ABORT motion failed;2465
MP1066;Press 1 Platen CALIBRATED ENCODER failed;2466
MP1067;Press 1 Platen move UP to PPD position failed;2467
MP1068;Press 1 Platen move UP to CFS position failed;2468
MP1069;Press 1 Platen move to STANDBY position failed;2469
MP1070;Press 1 Platen move UP to FAST HIGH CLAMP position failed;2470
MP1071;Press 1 Platen move DOWN to EJECT position failed;2471
MP1072;Press 1 Platen move UP to STANDY position failed;2472
MP1073;Press 1 Platen STOP motion failed;2473
MP1074;Press 1 Platen move to JOG UP position failed;2474
MP1075;Press 1 Platen move to JOG DOWN position failed;2475
MP1076;Press 1 Platen move to RELATIVE UP position failed;2476
MP1077;Press 1 Platen move to RELATIVE DOWN position failed;2477
MP1078;Press 1 Platen move UP to SHEET CLAMP position failed;2478
MP1079;Press 1 Platen Soft Clamp Error;2479
MP1080;Press 1 Platen move UP to HIGH CLAMP ONLY position failed;2480
MP1081;Press 1 Platen move UP to FULL CLAMP position failed;2481
MP1082;Press 1 Platen move DOWN to GAP position failed;2482
MP1083;Press 1 Platen move UP to PAPER HIGH CLAMP position failed;2483
MP1084;Press 1 Platen move UP to CFS KISS position failed;2484
MP1085;Press 1 Platen move UP to CFS HIGH CLAMP position failed;2485
MP1086;Press 1 Platen move DOWN to EJECT LF PP4 position failed;2486
MP1087;Press 1 Platen move DOWN to EJECT LF PP5 position failed;2487
MP1088;Press 1 Platen move DOWN to SMOOTH PP8 position failed;2488
MP1089;Press 1 Platen move DOWN to FAST PP8 position failed;2489
MP1090;Press 1 Platen move UP to PP9 position failed;2490
MP1091;Press 1 Platen move UP to PP10 W/O INTERLOCK position failed;2491
MP1092;Press 1 Platen move UP to KISS position failed;2492
MP1093;Press 1 Platen move DOWN to FAST EJECT position failed;2493
MP1094;Press 1 Platen NOT at KISS position;2494
MP1095;Press 1 Platen NOT at EJECT position;2495
MP1096;Press 1 Platen NOT at STANDBY position;2496
MP1097;Press 1 Platen is not at Standy!;2497
MP1098;Press 1 Platen has NOT DONE CFS;2498
MP1099;Press 1 Platen move UP to Gap position failed;2499
MP1100;Press 1 Transfer ABORT motion failed;2500
MP1101;Press 1 Transfer CALIBRATED ENCODER failed;2501
MP1102;Press 1 Transfer move to STANDBY position failed;2502
MP1103;Press 1 Transfer move UP to FILL CURE position failed;2503
MP1104;Press 1 Transfer move DOWN to PD position failed;2504
MP1105;Press 1 Transfer move UP to EJECT position failed;2505
MP1106;Press 1 Transfer move to PC1 position failed;2506
MP1107;Press 1 Transfer move to PC2 position failed;2507
MP1108;Press 1 Transfer move DOWN to STANDBY position failed;2508
MP1109;Press 1 Transfer STOP motion failed;2509
MP1110;Press 1 Transfer move to JOG UP position failed;2510
MP1111;Press 1 Transfer move to JOG DOWN position failed;2511
MP1112;Press 1 Transfer move UP to SHORT SHOT position failed;2512
MP1113;Press 1 Transfer move UP to FILL CURE CLEANING position failed;2513
MP1114;Press 1 Transfer move to RELATIVE UP position failed;2514
MP1115;Press 1 Transfer move to RELATIVE DOWN position failed;2515
MP1116;Press 1 Transfer move to PLUNGER BLK CHANGE PM1 position failed;2516
MP1117;Press 1 Transfer move to MOLD FLUSH PM2 position failed;2517
MP1118;Press 1 Transfer move to PLUNGER CHANGE PM3 position failed;2518
MP1119;Press 1 Transfer move to STANDBY CLEANING position failed;2519
MP1120;Press 1 Transfer NOT at STANDBY position;2520
MP1121;Press 1 Servo Power Not On;2521
MP1122;Press 1 Error;2522
MP1123;Press 1 Detected NL Y Not Home;2523
MP1124;Press 1 Detected FL Y Not Home;2524
MP1125;Press 1 Detected PGS Grippers Abnormal;2525
MP1126;Press 1 Detected Top Ejector Not Up;2526
MP1127;Press 1 Detected Middle Plate Not Up;2527
MP1128;Press 1 Detected Temperature Not Ready;2528
MP1129;Press 1 Detected PGS Grippers Jammed;2529
MP1130;Press 1 Detected Misalign Sensor On;2530
MP1131;Press 1 Film Out Air Jet Off Fail;2531
MP1132;Press 1 Film Out Air Jet On Fail;2532
MP1133;Press 1 Ionizer Off Fail;2533
MP1134;Press 1 Ionizer On Fail;2534
MP1135;Press 1 Top Wedged Fail To Move To Film Suction Position;2535
MP1140;Press 1 Wedge In Error;2540
MP1141;Press 1 Wedge Move To FL Pick Mat Error;2541
MP1142;Press 1 Wedge 2 In Error;2542
MP1143;Press 1 Wedge 2 Move To FL Pick Mat Error;2543
MP1144;Press 1 Wedge Move Error - Detect MidPlate Down;2544
MP1145;Press 1 Wedge 2 Move Error - Detect MidPlate Down;2545
MP1150;Press 1 Clamp Force Setting is required;2550
MP1151;Press 1 detected Temperature Out of Tolerance;2551
MP1152;Press 1 detected Temperature Controller failed;2552
MP1153;Press 1 Detected Safety Screen Triggered;2553
MP1154;Press 1 Top Wedge Force Not Enough;2554
MP1155;Press 1 ThermoSwitch Triggered!;2555
MP1156;Press 1 Bottom Mold Temperature Over Heat;2556
MP1157;Press 1 Top Wedge Relative move Fail;2557
MP1158;Press 1 Mid plate position Unknown;2558
MP1159;Press 1 Mid plate NOT at Down position;2559
MP1160;Press 1 PL Not at safe position to Open/Close;2560
MP1161;Press 1 PL Wrong Mold Open Sequence;2561
MP1162;Press 1 Move To PP12 Position Fail;2562
MP1163;Press 1 Move To Mid-Clamp Position Fail;2563
MP1164;Press 1 Detected  Unknown LF Status;2564
MP1165;Press 1 Detected LF UnMolded;2565
MP1166;Press 1 HMI Message Reply Unknown;2566
MP1167;Press 1 wait Pellet Cure;2567
MP1168;Press 1 Filling Error;2568
MP1169;Press 1 Curing Error;2569
MP1170;Press 1 Goes Offline after Mold Fail;2570
MP1171;Press 1 Detected Filling out of Range;2571
MP1172;Press 1 Detected Filling Pressure out of Range;2572
MP1173;Press 1 Detected OnLine Init Fail;2573
MP1174;Press 1 Detected OnLine Pre-Start Fail;2574
MP1175;Press 1 Detected Press Door Close Fail;2575
MP1176;Detected PGS Top Gripper not Open;2576
MP1177;Ejector Not Safe to Move Down! Mid Plate not at Down;2577
MP1178;Detected Gripper Air Pressure Low;2578
MP1179;Press 1 is required to do Full Clean (Auto);2579
MP1180;Press 1 is required to do  Fast Clean (Auto);2580
MP1181;Press 1 is required to do  Partial Clean (Auto);2581
MP1182;Press 1 is required to do Full Clean (Idle);2582
MP1183;Press 1 is required to do Fast Clean (Idle);2583
MP1184;Press 1 is required to do  Partial Clean (Idle);2584
MP1185;Detected Loader Present at Mold;2585
MP1186;Press 1 Mold Ext Count off fail;2586
MP1187;Press 1  Mold Ext Count on fail;2587
MP1188;Press 1Update LF Processed Failed;2588
MP1189;Press 1 Detected LF Stick on Top Mold;2589
MP1191;Please Verify Units Status on Press 1;2591
MP1192;Press 1 Compound Expiry (To Mold Clamp);2592
MP1193;Press 1 Top Surface Thermocouple Out Of Tolerance;2593
MP1194;Press 1 Mid Plate Surface Thermocouple Out Of Tolerance;2594
MP1195;Press 1 Btm Surface Thermocouple Out Of Tolerance;2595
MP1196;Press 1 Voltage Dip;2596
MP1197;Press 1 Btm Retract Pin Error;2597
MP1198;Press 1 Top Retract Pin Error;2598
MP1199;Press 1 Heaters not Turn on!;2599
MP1200;Press 1 Bottom FAM Roller Not at DOWN Position;2600
MP1201;Press 1 Substrate Vacuum Choke!;2601
MP1202;Press 1 Avoid Void Vacuum Choke!;2602
MP1203;Press 1 Ebara Pump Off fail!;2603
MP1204;Press 1 Ebara Pump On fail!;2604
MP1205;Press 1 Reset Ebara Pump Off fail!;2605
MP1206;Press 1 Reset Ebara Pump On fail!;2606
MP1207;Press 1 Ebara Pump Error!;2607
MP1208;Press 1 Avoid Void Vacuum Upper Limit!;2608
MP1209;Press 1 Substrate Vacuum Buffer Off failed;2609
MP1210;Press 1 Substrate Vacuum Buffer On failed;2610
MP1211;Press 1 Inner Substrate Vacuum Off failed;2611
MP1212;Press 1 Inner Substrate Vacuum On failed;2612
MP1213;Press 1 Ebara Valve Turn Off Fail!;2613
MP1214;Press 1 Ebara Valve Turn On Fail!;2614
MP1215;Press 1 Receive Offline command from Linescanner/Vision;2615
MP1216;Press 1 Wedge Search Force Fail!;2616
MP1217;Press 1 Wedge 1 Search Force Fail!;2617
MP1218;Press 1 Wedge 2 Search Force Fail!;2618
MP1219;Press 1 Load Cell 1 Off Fail;2619
MP1220;Press 1 Load Cell 1 On Fail;2620
MP1221;Press 1 Load Cell 2 Off Fail;2621
MP1222;Press 1 Load Cell 2 On Fail;2622
MP1223;Press 1 Top Mold Temperature SPC out of Control Limit!;2623
MP1224;Press 1 Top Mold Temperature SPC out of Spec Limit!;2624
MP1225;Press 1 Bottom Mold Temperature SPC out of Control Limit!;2625
MP1226;Press 1 Bottom Mold Temperature SPC out of Spec Limit!;2626
MP1227;Press 1 Clamp Force SPC out of Control Limit!;2627
MP1228;Press 1 Clamp Force SPC out of Spec Limit!;2628
MP1229;Press 1 Packing Pressure SPC out of Control Limit!;2629
MP1230;Press 1 Packing Pressure SPC out of Spec Limit!;2630
MP1231;Press 1 Transfer Time SPC out of Control Limit!;2631
MP1232;Press 1 - DMC Wedge move to Home Position Failed;2632
MP1233;Press 1 - DMC Wedge move to Standby Position Failed;2633
MP1234;Press 1 - DMC Wedge move to HighClamp Position Failed;2634
MP1235;Press 1 - DMC Wedge move to Filling Position Failed;2635
MP1236;Press 1 - DMC Wedge move to FVP Position Failed;2636
MP1237;Press 1 - DMC Left Chuck is not Locked;2637
MP1238;Press 1 - DMC Right Chuck is not Locked;2638
MP1239;Press 1 - DMC Wedge Failed to Clear Limit;2639
MP1240;Press 1 Detected Platen Pulse below safe zone! Please Send middle plate to Top;2640
MP1241;Press 1 Detected Middle Plate Pos Status Not Match with Sensor!;2641
MP1242;Press 1 - DMC Brake Z turn OFF failed;2642
MP1243;Press 1 - DMC Brake Z turn ON failed;2643
MP1244;Press 1 - DMC Wedge failed to Stop;2644
MP1245;Press 1 - DMC Wedge failed to Move;2645
MP1246;Press 1 - DMC Wedge hits DAC Limit;2646
MP1247;Press 1 - DMC Wedge not complete Stop;2647
MP1248;Press 1 - DMC Wedge failed to move Position;2648
MP1249;Press 1 - DMC Wedge Failed to move Relative;2649
MP1250;Press 1 - DMC Wedge Failed at DAC Computation;2650
MP1251;Press 1 - DMC Wedge Failed to stop Position Move;2651
MP1252;Press 1 - DMC Wedge Failed to stop Relative Move;2652
MP1253;Press 1 - DMC Wedge Failed to stop at Move Home;2653
MP1254;Press 1 - DMC Wedge Failed to stop at Clear Home;2654
MP1255;Press 1 - DMC Wedge Failed to stop at Search DAC;2655
MP1256;Press 1 - DMC Wedge Failed to Move Datum ;2656
MP1257;Press 1 - DMC Wedge Failed to Initialize;2657
MP1258;Press 1 - DMC Failed to setup Datalog;2658
MP1259;Press 1 - DMC Failed to enable Datalog;2659
MP1260;Press 1 - DMC Failed to get Datalog data;2660
MP1261;Press 1 - DMC Failed to disable Datalog;2661
MP1262;Press 1 - DMC Failed to close Datalog;2662
MP1263;Press 1 - DMC failed to search in;2663
MP1264;Press 1 - DMC failed to search out;2664
MP1265;Press 1 - MidClamp wait time longer than filling time;2665
MP1266;Press 1 - Detected cull remain;2666
MP1267;Press 1 - Detected abnormal delay before highclamp;2667
MP1268;Press 1 - Please Remove LF on Press 1!;2668
MP1269;Press 1 - Failed to search Platen Force!;2669
MP1270;Press 1 - Failed to move contour motion!;2670
MP1271;Press 1 - Failed to move to Cleaning Position!;2671
MP1272;Press 1 - DMC Wedge Motion exceed limits!;2672
MP1273;Press 1 - Full Mold Cleaning PreAlert!;2673
MP1274;Press 1 - Partial Mold Cleaning PreAlert!;2674
MP1275;Press 1 - Fast Mold Cleaning PreAlert!;2675
MP1276;External UPS Triggered! Press 1 Goes Offline!;2676
MP1279;3GEye detected Press1 Clamp Force has abnormal downtrend signal;2679
MP1280;3GEye detected Press1 Filling Time has abnormal downtrend signal;2680
MP1281;3GEye detected Press1 Packing Pressure has abnormal downtrend signal;2681
MP1282;3GEye detected Press1 Top Ejector has abnormal downtrend signal;2682
MP1283;3GEye detected Press1 Top Temperature has abnormal downtrend signal;2683
MP1284;3GEye detected Press1 Bottom Temperature has abnormal downtrend signal;2684
MP1286;Press1 detected small door not close;2686
MP1300;Press1 enable Motor Contactor Failed!;2700
MP1301;Press1 enable Motor Driver Failed!;2701
MP1302;Press1 detected Platen Low Battery;2702
MP1303;Press1 detected Transfer Low Battery;2703
MP1304;Platen Search Force Error!;2704
MP1305;Transfer Search Force Error!;2705
MP1310;External LoadCell Meter Connection Fail!;2710
MP1311;Front Top Fix Guard Triggered!;2711
MP1312;Front Bottom Fix Guard Triggered!;2712
MP1313;Side Left Fix Guard Triggered!;2713
MP1314;Side Right Fix Guard Triggered!;2714
MP1315;Rear Top Fix Guard Triggered!;2715
MP1316;RearBottom Fix Guard Triggered!;2716
MP1317;Detected Avoid Void Vacuum High Leakage Rate ;2717
MP1318;Press1 detected abnormal exhoust flow 1 ;2718
MP1319;Press1 detected abnormal exhoust flow 2;2719
MP1320;Press1 detected pressure out of scope;2720
MP1321;Press1 detected position out of scope;2721
MP1322;Press1 detected avoidvoid vacuum out of scope;2722
MP1323;Press1 detected avoidvoid vacuum 1 and 2 is different;2723
MP1326;Press1 detected Reject Tray not present;2726
MP1327;Press1 detected Reject Tray Full;2727
MP1328;Press1 detected R Pin Home failed;2728
MP1329;Press1 detected R Pin Up failed;2729
MP1330;Press1 detected R Pin Down failed;2730
MP1331;Press1 detected pre-warning pressure out of scope ;2731
MP1332;Press1 detected pre-warning position out of scope;2732
MP1333;Press1 detected pre-warning avoidvoid vacuum out of scope;2733
MP1334;Press1 detected avoidvoid vacuum 1 or vacuum 2 is abnormal;2734
MP1500;SHI Emergency Error;2900
MP1501;SHI Data Setting Err;2901
MP1502;SHI Serial Com Err;2902
MP1503;SHI Self Check Err;2903
MP1504;Invalid Platen Command;2904
MP1505;Invalid Transfer Command;2905
MP1506;SHI Controller Fan Stop;2906
MP1507;SHI Press Type Error;2907
MP1508;SHI Memory Error;2908
MP1509;SHI Common Servo Err;2909
MP1510;SHI Control Box Temperature Err;2910
MP1511;SHI Platen Up Limit Err;2911
MP1512;SHI Platen Low Limit Err;2912
MP1513;SHI Platen PG Err;2913
MP1514;SHI Platen Beyond 5 Ton Range;2914
MP1515;SHI Soft Clamp Err;2915
MP1516;SHI Platen Servo Err;2916
MP1517;SHI Platen Interlock Err;2917
MP1518;SHI Platen Thermal Trip;2918
MP1519;SHI Platen Soft Clamp Sensor Err;2919
MP1520;SHI Transfer Up Limit Err;2920
MP1521;SHI Transfer Low Limit Err;2921
MP1523;SHI Transfer PG Err;2923
MP1524;SHI Transfer Load Cell Err;2924
MP1525;SHI Transfer Force Limit Err;2925
MP1526;SHI Transfer Servo Err;2926
MP1527;SHI Transfer Curing Force Err;2927
MP1528;SHI Transfer Filling Err;2928
MP1529;SHI Transfer VP Switch Err;2929
MP1530;SHI Transfer Pressure Out Of Range;2930
MP1531;SHI Transfer Thermal Trip;2931
MP1600;SHI IO Check Err;3000
MP1601;SHI Soft Limit Err;3001
MP1602;SHI Platen IO Err;3002
MP1603;SHI Transfer IO Err;3003
MP1604;SHI Read Strobe Err;3004
MP1605;SHI Platen Motion Timeout;3005
MP1606;SHI Transfer Motion Timeout;3006
MP1607;SHI Lock Timeout;3007
MP1608;SHI All Data Match;3008
MP1609;SHI Comm Err;3009
MP1610;SHI Error;3010
MP1611;SHI IO Check Pass;3011
MP1612;SHI Motor not OFF;3012
MP1613;SHI Motor not ON;3013
MP1614;SHI not Acknowledge;3014
MP1615;SHI Platen Command not Read;3015
MP1616;SHI Transfer Command not Read;3016
MP2001;Press 2 Left Wedge move to HOME position failed;3401
MP2002;Press 2 Left Wedge move to STANDBY position failed;3402
MP2003;Press 2 Left Wedge move to START position failed;3403
MP2004;Press 2 Left Wedge move to FILLING position failed;3404
MP2005;Press 2 Left Wedge move to PACKING position failed;3405
MP2006;Press 2 Left Wedge move to DECOMPRESS position failed;3406
MP2007;Press 2 Right Wedge move to HOME position failed;3407
MP2008;Press 2 Right Wedge move to STANDBY position failed;3408
MP2009;Press 2 Right Wedge move to START position failed;3409
MP2010;Press 2 Right Wedge move to FILLING position failed;3410
MP2011;Press 2 Right Wedge move to PACKING position failed;3411
MP2012;Press 2 Right Wedge move to DECOMPRESS position failed;3412
MP2013;Press 2 Top Wedge move to HOME position failed;3413
MP2014;Press 2 Top Wedge move to STANDBY position failed;3414
MP2015;Press 2 Top Wedge move to START position failed;3415
MP2016;Press 2 Top Wedge move to FILLING position failed;3416
MP2017;Press 2 Top Wedge move to PACKING position failed;3417
MP2018;Press 2 Top Wedge move to DECOMPRESS position failed;3418
MP2019;Press 2 Reset Safety move to OFF position failed;3419
MP2020;Press 2 Reset Safety move to ON position failed;3420
MP2021;Press 2 Offline Door move to OPEN position failed;3421
MP2022;Press 2 Offline Door move to CLOSE position failed;3422
MP2023;Press 2 Substrate Vacuum move to OFF position failed;3423
MP2024;Press 2 Substrate Vacuum move to ON position failed;3424
MP2025;Press 2 Substrate Air move to OFF position failed;3425
MP2026;Press 2 Substrate Air move to ON position failed;3426
MP2027;Press 2 Mold Avoid Void move to OFF position failed;3427
MP2028;Press 2 Mold Avoid Void move to ON position failed;3428
MP2029;Press 2 Mold Avoid Void Air move to OFF position failed;3429
MP2030;Press 2 Mold Avoid Void Air move to ON position failed;3430
MP2031;Press 2 Mold Chase Alignment Done!;3431
MP2032;Press 2 Platen Enc Calibration Done!;3432
MP2033;Press 2 Platen Enc Calibration Fail!;3433
MP2034;Press 2 Transfer Enc Calibration Done!;3434
MP2035;Press 2 Transfer Enc Calibration Fail!;3435
MP2036;Press 2 Film Outer Vacuum move to ON position failed;3436
MP2037;Press 2 Top Cylinder move to UP position failed;3437
MP2038;Press 2 Top Cylinder move to DOWN position failed;3438
MP2039;Press 2 Top Gripper move to CLOSE position failed;3439
MP2040;Press 2 Top Gripper move to OPEN position failed;3440
MP2041;Press 2 Cylinder Wedge move to OUT position failed;3441
MP2042;Press 2 Cylinder Wedge move to IN position failed;3442
MP2043;Press 2 Chase Pump 1 move to OFF position failed;3443
MP2044;Press 2 Chase Pump 1 move to ON position failed;3444
MP2045;Press 2 Chase Pump 2 move to OFF position failed;3445
MP2046;Press 2 Chase Pump 2 move to ON position failed;3446
MP2047;Press 2 Detected Incomplete Fill Signal from degate. Going offline!;3447
MP2048;Press 2 Detected Avoid Void Air Purge is On!;3448
MP2049;Press 2 Detected Substrate Air Purge is On!;3449
MP2050;Press 2 Detected Platen not at Safe Pos to On Air Blow!;3450
MP2051;Press 2 Hepa Filter move to OFF position failed;3451
MP2052;Press 2 Hepa Filter move to ON position failed;3452
MP2053;Press 2 Press Start Cure move to OFF position failed;3453
MP2054;Press 2 Press Start Cure move to ON position failed;3454
MP2055;Press 2 Left Wedge COMMUTATE failed;3455
MP2056;Press 2 Right Wedge COMMUTATE failed;3456
MP2057;Press 2 Top Wedge COMMUTATE failed;3457
MP2058;Press 2 Offline Door NOT SAFE to move to CLOSE position;3458
MP2059;Press 2 Press Platen NOT SAFE to move to CLOSE position;3459
MP2060;Press 2 Safety Screen RESET failed;3460
MP2061;Press 2 Servo Power POWER ON failed;3461
MP2062;Press 2 Servo Power POWER OFF failed;3462
MP2063;Press 2 Transfer has NOT INITIALIZE;3463
MP2064;Press 2 Platen has NOT INITIALIZE;3464
MP2065;Press 2 Platen ABORT motion failed;3465
MP2066;Press 2 Platen CALIBRATED ENCODER failed;3466
MP2067;Press 2 Platen move UP to PPD position failed;3467
MP2068;Press 2 Platen move UP to CFS position failed;3468
MP2069;Press 2 Platen move to STANDBY position failed;3469
MP2070;Press 2 Platen move UP to FAST HIGH CLAMP position failed;3470
MP2071;Press 2 Platen move DOWN to EJECT position failed;3471
MP2072;Press 2 Platen move UP to STANDY position failed;3472
MP2073;Press 2 Platen STOP motion failed;3473
MP2074;Press 2 Platen move to JOG UP position failed;3474
MP2075;Press 2 Platen move to JOG DOWN position failed;3475
MP2076;Press 2 Platen move to RELATIVE UP position failed;3476
MP2077;Press 2 Platen move to RELATIVE DOWN position failed;3477
MP2078;Press 2 Platen move UP to SHEET CLAMP position failed;3478
MP2079;Press 2 Platen Soft Clamp Error;3479
MP2080;Press 2 Platen move UP to HIGH CLAMP ONLY position failed;3480
MP2081;Press 2 Platen move UP to FULL CLAMP position failed;3481
MP2082;Press 2 Platen move DOWN to GAP position failed;3482
MP2083;Press 2 Platen move UP to PAPER HIGH CLAMP position failed;3483
MP2084;Press 2 Platen move UP to CFS KISS position failed;3484
MP2085;Press 2 Platen move UP to CFS HIGH CLAMP position failed;3485
MP2086;Press 2 Platen move DOWN to EJECT LF PP4 position failed;3486
MP2087;Press 2 Platen move DOWN to EJECT LF PP5 position failed;3487
MP2088;Press 2 Platen move DOWN to SMOOTH PP8 position failed;3488
MP2089;Press 2 Platen move DOWN to FAST PP8 position failed;3489
MP2090;Press 2 Platen move UP to PP9 position failed;3490
MP2091;Press 2 Platen move UP to PP10 W/O INTERLOCK position failed;3491
MP2092;Press 2 Platen move UP to KISS position failed;3492
MP2093;Press 2 Platen move DOWN to FAST EJECT position failed;3493
MP2094;Press 2 Platen NOT at KISS position;3494
MP2095;Press 2 Platen NOT at EJECT position;3495
MP2096;Press 2 Platen NOT at STANDBY position;3496
MP2097;Press 2 Platen IS CLOSED;3497
MP2098;Press 2 Platen has NOT DONE CFS;3498
MP2099;Press 2 Platen move UP to Gap position failed;3499
MP2100;Press 2 Transfer ABORT motion failed;3500
MP2101;Press 2 Transfer CALIBRATED ENCODER failed;3501
MP2102;Press 2 Transfer move to STANDBY position failed;3502
MP2103;Press 2 Transfer move UP to FILL CURE position failed;3503
MP2104;Press 2 Transfer move DOWN to PD position failed;3504
MP2105;Press 2 Transfer move UP to EJECT position failed;3505
MP2106;Press 2 Transfer move to PC1 position failed;3506
MP2107;Press 2 Transfer move to PC2 position failed;3507
MP2108;Press 2 Transfer move DOWN to STANDBY position failed;3508
MP2109;Press 2 Transfer STOP motion failed;3509
MP2110;Press 2 Transfer move to JOG UP position failed;3510
MP2111;Press 2 Transfer move to JOG DOWN position failed;3511
MP2112;Press 2 Transfer move UP to SHORT SHOT position failed;3512
MP2113;Press 2 Transfer move UP to FILL CURE CLEANING position failed;3513
MP2114;Press 2 Transfer move to RELATIVE UP position failed;3514
MP2115;Press 2 Transfer move to RELATIVE DOWN position failed;3515
MP2116;Press 2 Transfer move to PLUNGER BLK CHANGE PM1 position failed;3516
MP2117;Press 2 Transfer move to MOLD FLUSH PM2 position failed;3517
MP2118;Press 2 Transfer move to PLUNGER CHANGE PM3 position failed;3518
MP2119;Press 2 Transfer move to STANDBY CLEANING position failed;3519
MP2120;Press 2 Transfer NOT at STANDBY position;3520
MP2121;Press 2 Servo Power Not On;3521
MP2122;Press 2 Error;3522
MP2123;Press 2 Detected NL Y Not Home;3523
MP2124;Press 2 Detected FL Y Not Home;3524
MP2125;Press 2 Detected PGS Grippers Abnormal;3525
MP2126;Press 2 Detected Top Ejector Not Up;3526
MP2127;Press 2 Detected Middle Plate Not Up;3527
MP2128;Press 2 Detected Temperature Not Ready;3528
MP2129;Press 2 Detected PGS Grippers Jammed;3529
MP2130;Press 2 Detected Misalign Sensor On;3530
MP2131;Press 2 Film Out Air Jet Off Fail;3531
MP2132;Press 2 Film Out Air Jet On Fail;3532
MP2133;Press 2 Ionizer Off Fail;3533
MP2134;Press 2 Ionizer On Fail;3534
MP2135;Press 2 Top Wedged Fail To Move To Film Suction Position;3535
MP2140;Press 2 Wedge In Error;3540
MP2141;Press 2 Wedge Move To FL Pick Mat Error;3541
MP2142;Press 2 Wedge 2 In Error;3542
MP2143;Press 2 Wedge 2 Move To FL Pick Mat Error;3543
MP2144;Press 2 Wedge Move Error - Detect MidPlate Down;3544
MP2145;Press 2 Wedge 2 Move Error - Detect MidPlate Down;3545
MP2150;Press 2 Clamp Force Setting is required;3550
MP2151;Press 2 detected Temperature Out of Tolerance;3551
MP2152;Press 2 detected Temperature Controller failed;3552
MP2153;Press 2 Detected Safety Screen Triggered;3553
MP2154;Press 2 Top Wedge Force Not Enough;3554
MP2155;Press 2 ThermoSwitch Triggered!;3555
MP2156;Press 2 Bottom Mold Temperature Over Heat;3556
MP2157;Press 2 Top Wedge Relative move Fail;3557
MP2158;Press 2 Mid plate position Unknown;3558
MP2159;Press 2 Mid plate NOT at Down position;3559
MP2160;Press 2 PL Not at safe position to Open/Close;3560
MP2161;Press 2 PL Wrong Mold Open Sequence;3561
MP2162;Press 2 Move To PP12 Position Fail;3562
MP2163;Press 2 Move To Mid-Clamp Position Fail;3563
MP2164;Press 2 Detected  Unknown LF Status;3564
MP2165;Press 2 Detected LF UnMolded;3565
MP2166;Press 2 HMI Message Reply Unknown;3566
MP2167;Press 2 wait Pellet Cure;3567
MP2168;Press 2 Filling Error;3568
MP2169;Press 2 Curing Error;3569
MP2170;Press 2 Goes Offline after Mold Fail;3570
MP2171;Press 2 Detected Filling out of Range;3571
MP2172;Press 2 Detected Filling Pressure out of Range;3572
MP2173;Press 2 Detected OnLine Init Fail;3573
MP2174;Press 2 Detected OnLine Pre-Start Fail;3574
MP2175;Press 2 Detected Press Door Close Fail;3575
MP2176;Detected PGS Gripper not Open;3576
MP2177;Ejector Not Safe to Move Down! Mid Plate not at Down;3577
MP2178;Detected Gripper Air Pressure Low;3578
MP2179;Press 2 is required to do Full Clean (Auto);3579
MP2180;Press 2 is required to do  Fast Clean (Auto);3580
MP2181;Press 2 is required to do  Partial Clean (Auto);3581
MP2182;Press 2 is required to do Full Clean (Idle);3582
MP2183;Press 2 is required to do Fast Clean (Idle);3583
MP2184;Press 2 is required to do  Partial Clean (Idle);3584
MP2185;Detected Loader Present at Mold;3585
MP2186;Press 2 Mold Ext Count off fail;3586
MP2187;Press 2 Mold Ext Count on fail;3587
MP2188;Press 2 Update LF Processed Failed;3588
MP2189;Press 2 Detected LF Stick on Top Mold;3589
MP2191;Please Verify Units Status on Press 2;3591
MP2192;Press 2 Compound Expiry (To Mold Clamp);3592
MP2193;Press 2 Top Surface Thermocouple Out Of Tolerance;3593
MP2194;Press 2 Mid Plate Surface Thermocouple Out Of Tolerance;3594
MP2195;Press 2 Btm Surface Thermocouple Out Of Tolerance;3595
MP2196;Press 2 Voltage Dip;3596
MP2197;Press 2 Btm Retract Pin Error;3597
MP2198;Press 2 Top Retract Pin Error;3598
MP2199;Press 2 Heaters not Turn on!;3599
MP2200;Press 2 Bottom FAM Roller Not at DOWN Position;3600
MP2201;Press 2 Substrate Vacuum Choke!;3601
MP2202;Press 2 Avoid Void Vacuum Choke!;3602
MP2203;Press 2 Ebara Pump Off fail!;3603
MP2204;Press 2 Ebara Pump On fail!;3604
MP2205;Press 2 Reset Ebara Pump Off fail!;3605
MP2206;Press 2 Reset Ebara Pump On fail!;3606
MP2207;Press 2 Ebara Pump Error!;3607
MP2208;Press 2 Avoid Void Vacuum Upper Limit!;3608
MP2209;Press 2 Substrate Vacuum Buffer Off failed;3609
MP2210;Press 2 Substrate Vacuum Buffer On failed;3610
MP2211;Press 2 Inner Substrate Vacuum Off failed;3611
MP2212;Press 2 Inner Substrate Vacuum On failed;3612
MP2213;Press 2 Ebara Valve Turn Off Fail!;3613
MP2214;Press 2 Ebara Valve Turn On Fail!;3614
MP2215;Press 2 Receive Offline command from Linescanner/Vision;3615
MP2216;Press 2 Wedge Search Force Fail!;3616
MP2217;Press 2 Wedge 1 Search Force Fail!;3617
MP2218;Press 2 Wedge 2 Search Force Fail!;3618
MP2219;Press 2 Load Cell 1 Off Fail;3619
MP2220;Press 2 Load Cell 1 On Fail;3620
MP2221;Press 2 Load Cell 2 Off Fail;3621
MP2222;Press 2 Load Cell 2 On Fail;3622
MP2223;Press 2 Top Mold Temperature SPC out of Control Limit!;3623
MP2224;Press 2 Top Mold Temperature SPC out of Spec Limit!;3624
MP2225;Press 2 Bottom Mold Temperature SPC out of Control Limit!;3625
MP2226;Press 2 Bottom Mold Temperature SPC out of Spec Limit!;3626
MP2227;Press 2 Clamp Force SPC out of Control Limit!;3627
MP2228;Press 2 Clamp Force SPC out of Spec Limit!;3628
MP2229;Press 2 Packing Pressure SPC out of Control Limit!;3629
MP2230;Press 2 Packing Pressure SPC out of Spec Limit!;3630
MP2231;Press 2 Transfer Time SPC out of Control Limit!;3631
MP2232;Press 2 - DMC Wedge move to Home Position Failed;3632
MP2233;Press 2 - DMC Wedge move to Standby Position Failed;3633
MP2234;Press 2 - DMC Wedge move to HighClamp Position Failed;3634
MP2235;Press 2 - DMC Wedge move to Filling Position Failed;3635
MP2236;Press 2 - DMC Wedge move to FVP Position Failed;3636
MP2237;Press 2 - DMC Left Chuck is not Locked;3637
MP2238;Press 2 - DMC Right Chuck is not Locked;3638
MP2239;Press 2 - DMC Wedge Failed to Clear Limit;3639
MP2240;Press 2 Detected Platen Pulse below safe zone! Please Send middle plate to Top;3640
MP2241;Press 2 Detected Middle Plate Pos Status Not Match with Sensor!;3641
MP2242;Press 2 - DMC Brake Z turn OFF failed;3642
MP2243;Press 2 - DMC Brake Z turn ON failed;3643
MP2244;Press 2 - DMC Wedge failed to Stop;3644
MP2245;Press 2 - DMC Wedge failed to Move;3645
MP2246;Press 2 - DMC Wedge hits DAC Limit;3646
MP2247;Press 2 - DMC Wedge not complete Stop;3647
MP2248;Press 2 - DMC Wedge failed to move Position;3648
MP2249;Press 2 - DMC Wedge Failed to move Relative;3649
MP2250;Press 2 - DMC Wedge Failed at DAC Computation;3650
MP2251;Press 2 - DMC Wedge Failed to stop Position Move;3651
MP2252;Press 2 - DMC Wedge Failed to stop Relative Move;3652
MP2253;Press 2 - DMC Wedge Failed to stop at Move Home;3653
MP2254;Press 2 - DMC Wedge Failed to stop at Clear Home;3654
MP2255;Press 2 - DMC Wedge Failed to stop at Search DAC;3655
MP2256;Press 2 - DMC Wedge Failed to Move Datum ;3656
MP2257;Press 2 - DMC Wedge Failed to Initialize;3657
MP2258;Press 2 - DMC Failed to setup Datalog;3658
MP2259;Press 2 - DMC Failed to enable Datalog;3659
MP2260;Press 2 - DMC Failed to get Datalog data;3660
MP2261;Press 2 - DMC Failed to disable Datalog;3661
MP2262;Press 2 - DMC Failed to close Datalog;3662
MP2263;Press 2 - DMC Failed to search in;3663
MP2264;Press 2 - DMC Failed to search out;3664
MP2265;Press 2 - MidClamp wait time longer than filling time;3665
MP2266;Press 2 - Detected cull remain;3666
MP2267;Press 2 - Detected abnormal delay before highclamp;3667
MP2268;Press 2 - Please Remove LF on Press 2!;3668
MP2269;Press 2 - Failed to search Platen Force!;3669
MP2270;Press 2 - Failed to move contour motion!;3670
MP2271;Press 2 - Failed to move to Cleaning Position!;3671
MP2272;Press 2 - DMC Wedge Motion exceed limits!;3672
MP2273;Press 2 - Full Mold Cleaning PreAlert!;3673
MP2274;Press 2 - Partial Mold Cleaning PreAlert!;3674
MP2275;Press 2 - Fast Mold Cleaning PreAlert!;3675
MP2276;External UPS Triggered! Press 2 Goes Offline!;3676
MP2279;3GEye detected Press2 Clamp Force has abnormal downtrend signal;3679
MP2280;3GEye detected Press2 Filling Time has abnormal downtrend signal;3680
MP2281;3GEye detected Press2 Packing Pressure has abnormal downtrend signal;3681
MP2282;3GEye detected Press2 Top Ejector has abnormal downtrend signal;3682
MP2283;3GEye detected Press2 Top Temperature has abnormal downtrend signal;3683
MP2284;3GEye detected Press2 Bottom Temperature has abnormal downtrend signal;3684
MP2286;Press2 detected small door not close;3686
MP2300;Press2 enable Motor Contactor Failed!;3700
MP2301;Press2 enable Motor Driver Failed!;3701
MP2302;Press2 detected Platen Low Battery;3702
MP2303;Press2 detected Transfer Low Battery;3703
MP2318;Press2 detected abnormal exhoust flow 1 ;3718
MP2319;Press2 detected abnormal exhoust flow 2;3719
MP2320;Press2 detected pressure out of scope;3720
MP2321;Press2 detected position out of scope;3721
MP2322;Press2 detected avoidvoid vacuum out of scope;3722
MP2323;Press2 detected avoidvoid vacuum 1 and 2 is different;3723
MP2326;Press2 detected Reject Tray not present;3726
MP2327;Press2 detected Reject Tray Full;3727
MP2328;Press2 detected R Pin Home failed;3728
MP2329;Press2 detected R Pin Up failed;3729
MP2330;Press2 detected R Pin Down failed;3730
MP2331;Press2 detected pre-warning pressure out of scope ;3731
MP2332;Press2 detected pre-warning position out of scope;3732
MP2333;Press2 detected pre-warning avoidvoid vacuum out of scope;3733
MP2334;Press1 detected avoidvoid vacuum 1 or vacuum 2 is abnormal;3734
MP2500;SHI Emergency Error;3900
MP2501;SHI Data Setting Err;3901
MP2502;SHI Serial Com Err;3902
MP2503;SHI Self Check Err;3903
MP2504;Invalid Platen Command;3904
MP2505;Invalid Transfer Command;3905
MP2506;SHI Controller Fan Stop;3906
MP2507;SHI Press Type Error;3907
MP2508;SHI Memory Error;3908
MP2509;SHI Common Servo Err;3909
MP2510;SHI Control Box Temperature Err;3910
MP2511;SHI Platen Up Limit Err;3911
MP2512;SHI Platen Low Limit Err;3912
MP2513;SHI Platen PG Err;3913
MP2514;SHI Platen Beyond 5 Ton Range;3914
MP2515;SHI Soft Clamp Err;3915
MP2516;SHI Platen Servo Err;3916
MP2517;SHI Platen Interlock Err;3917
MP2518;SHI Platen Thermal Trip;3918
MP2519;SHI Platen Soft Clamp Sensor Err;3919
MP2520;SHI Transfer Up Limit Err;3920
MP2521;SHI Transfer Low Limit Err;3921
MP2523;SHI Transfer PG Err;3923
MP2524;SHI Transfer Load Cell Err;3924
MP2525;SHI Transfer Force Limit Err;3925
MP2526;SHI Transfer Servo Err;3926
MP2527;SHI Transfer Curing Force Err;3927
MP2528;SHI Transfer Filling Err;3928
MP2529;SHI Transfer VP Switch Err;3929
MP2530;SHI Transfer Pressure Out Of Range;3930
MP2531;SHI Transfer Thermal Trip;3931
MP2600;SHI IO Check Err;4000
MP2601;SHI Soft Limit Err;4001
MP2602;SHI Platen IO Err;4002
MP2603;SHI Transfer IO Err;4003
MP2604;SHI Read Strobe Err;4004
MP2605;SHI Platen Motion Timeout;4005
MP2606;SHI Transfer Motion Timeout;4006
MP2607;SHI Lock Timeout;4007
MP2608;SHI All Data Match;4008
MP2609;SHI Comm Err;4009
MP2610;SHI Error;4010
MP2611;SHI IO Check Pass;4011
MP2612;SHI Motor not OFF;4012
MP2613;SHI Motor not ON;4013
MP2614;SHI not Acknowledge;4014
MP2615;SHI Platen Command not Read;4015
MP2616;SHI Transfer Command not Read;4016
MP3001;Press 3 Left Wedge move to HOME position failed;4401
MP3002;Press 3 Left Wedge move to STANDBY position failed;4402
MP3003;Press 3 Left Wedge move to START position failed;4403
MP3004;Press 3 Left Wedge move to FILLING position failed;4404
MP3005;Press 3 Left Wedge move to PACKING position failed;4405
MP3006;Press 3 Left Wedge move to DECOMPRESS position failed;4406
MP3007;Press 3 Right Wedge move to HOME position failed;4407
MP3008;Press 3 Right Wedge move to STANDBY position failed;4408
MP3009;Press 3 Right Wedge move to START position failed;4409
MP3010;Press 3 Right Wedge move to FILLING position failed;4410
MP3011;Press 3 Right Wedge move to PACKING position failed;4411
MP3012;Press 3 Right Wedge move to DECOMPRESS position failed;4412
MP3013;Press 3 Top Wedge move to HOME position failed;4413
MP3014;Press 3 Top Wedge move to STANDBY position failed;4414
MP3015;Press 3 Top Wedge move to START position failed;4415
MP3016;Press 3 Top Wedge move to FILLING position failed;4416
MP3017;Press 3 Top Wedge move to PACKING position failed;4417
MP3018;Press 3 Top Wedge move to DECOMPRESS position failed;4418
MP3019;Press 3 Reset Safety move to OFF position failed;4419
MP3020;Press 3 Reset Safety move to ON position failed;4420
MP3021;Press 3 Offline Door move to OPEN position failed;4421
MP3022;Press 3 Offline Door move to CLOSE position failed;4422
MP3023;Press 3 Substrate Vacuum move to OFF position failed;4423
MP3024;Press 3 Substrate Vacuum move to ON position failed;4424
MP3025;Press 3 Substrate Air move to OFF position failed;4425
MP3026;Press 3 Substrate Air move to ON position failed;4426
MP3027;Press 3 Mold Avoid Void move to OFF position failed;4427
MP3028;Press 3 Mold Avoid Void move to ON position failed;4428
MP3029;Press 3 Mold Avoid Void Air move to OFF position failed;4429
MP3030;Press 3 Mold Avoid Void Air move to ON position failed;4430
MP3031;Press 3 Mold Chase Alignment Done!;4431
MP3032;Press 3 Platen Enc Calibration Done!;4432
MP3033;Press 3 Platen Enc Calibration Fail!;4433
MP3034;Press 3 Transfer Enc Calibration Done!;4434
MP3035;Press 3 Transfer Enc Calibration Fail!;4435
MP3036;Press 3 Film Outer Vacuum move to ON position failed;4436
MP3037;Press 3 Top Cylinder move to UP position failed;4437
MP3038;Press 3 Top Cylinder move to DOWN position failed;4438
MP3039;Press 3 Top Gripper move to CLOSE position failed;4439
MP3040;Press 3 Top Gripper move to OPEN position failed;4440
MP3041;Press 3 Cylinder Wedge move to OUT position failed;4441
MP3042;Press 3 Cylinder Wedge move to IN position failed;4442
MP3043;Press 3 Chase Pump 1 move to OFF position failed;4443
MP3044;Press 3 Chase Pump 1 move to ON position failed;4444
MP3045;Press 3 Chase Pump 2 move to OFF position failed;4445
MP3046;Press 3 Chase Pump 2 move to ON position failed;4446
MP3047;Press 3 Detected Incomplete Fill Signal from degate. Going offline!;4447
MP3048;Press 3 Detected Avoid Void Air Purge is On!;4448
MP3049;Press 3 Detected Substrate Air Purge is On!;4449
MP3050;Press 3 Detected Platen not at Safe Pos to On Air Blow!;4450
MP3051;Press 3 Hepa Filter move to OFF position failed;4451
MP3052;Press 3 Hepa Filter move to ON position failed;4452
MP3053;Press 3 Press Start Cure move to OFF position failed;4453
MP3054;Press 3 Press Start Cure move to ON position failed;4454
MP3055;Press 3 Left Wedge COMMUTATE failed;4455
MP3056;Press 3 Right Wedge COMMUTATE failed;4456
MP3057;Press 3 Top Wedge COMMUTATE failed;4457
MP3058;Press 3 Offline Door NOT SAFE to move to CLOSE position;4458
MP3059;Press 3 Press Platen NOT SAFE to move to CLOSE position;4459
MP3060;Press 3 Safety Screen RESET failed;4460
MP3061;Press 3 Servo Power POWER ON failed;4461
MP3062;Press 3 Servo Power POWER OFF failed;4462
MP3063;Press 3 Transfer has NOT INITIALIZE;4463
MP3064;Press 3 Platen has NOT INITIALIZE;4464
MP3065;Press 3 Platen ABORT motion failed;4465
MP3066;Press 3 Platen CALIBRATED ENCODER failed;4466
MP3067;Press 3 Platen move UP to PPD position failed;4467
MP3068;Press 3 Platen move UP to CFS position failed;4468
MP3069;Press 3 Platen move to STANDBY position failed;4469
MP3070;Press 3 Platen move UP to FAST HIGH CLAMP position failed;4470
MP3071;Press 3 Platen move DOWN to EJECT position failed;4471
MP3072;Press 3 Platen move UP to STANDY position failed;4472
MP3073;Press 3 Platen STOP motion failed;4473
MP3074;Press 3 Platen move to JOG UP position failed;4474
MP3075;Press 3 Platen move to JOG DOWN position failed;4475
MP3076;Press 3 Platen move to RELATIVE UP position failed;4476
MP3077;Press 3 Platen move to RELATIVE DOWN position failed;4477
MP3078;Press 3 Platen move UP to SHEET CLAMP position failed;4478
MP3079;Press 3 Platen Soft Clamp Error;4479
MP3080;Press 3 Platen move UP to HIGH CLAMP ONLY position failed;4480
MP3081;Press 3 Platen move UP to FULL CLAMP position failed;4481
MP3082;Press 3 Platen move DOWN to GAP position failed;4482
MP3083;Press 3 Platen move UP to PAPER HIGH CLAMP position failed;4483
MP3084;Press 3 Platen move UP to CFS KISS position failed;4484
MP3085;Press 3 Platen move UP to CFS HIGH CLAMP position failed;4485
MP3086;Press 3 Platen move DOWN to EJECT LF PP4 position failed;4486
MP3087;Press 3 Platen move DOWN to EJECT LF PP5 position failed;4487
MP3088;Press 3 Platen move DOWN to SMOOTH PP8 position failed;4488
MP3089;Press 3 Platen move DOWN to FAST PP8 position failed;4489
MP3090;Press 3 Platen move UP to PP9 position failed;4490
MP3091;Press 3 Platen move UP to PP10 W/O INTERLOCK position failed;4491
MP3092;MP1098;4492
MP3093;Press 3 Platen move DOWN to FAST EJECT position failed;4493
MP3094;Press 3 Platen NOT at KISS position;4494
MP3095;Press 3 Platen NOT at EJECT position;4495
MP3096;Press 3 Platen NOT at STANDBY position;4496
MP3097;Press 3 Platen IS CLOSED;4497
MP3098;Press 3 Platen has NOT DONE CFS;4498
MP3099;Press 3 Platen move UP to Gap position failed;4499
MP3100;Press 3 Transfer ABORT motion failed;4500
MP3101;Press 3 Transfer CALIBRATED ENCODER failed;4501
MP3102;Press 3 Transfer move to STANDBY position failed;4502
MP3103;Press 3 Transfer move UP to FILL CURE position failed;4503
MP3104;Press 3 Transfer move DOWN to PD position failed;4504
MP3105;Press 3 Transfer move UP to EJECT position failed;4505
MP3106;Press 3 Transfer move to PC1 position failed;4506
MP3107;Press 3 Transfer move to PC2 position failed;4507
MP3108;Press 3 Transfer move DOWN to STANDBY position failed;4508
MP3109;Press 3 Transfer STOP motion failed;4509
MP3110;Press 3 Transfer move to JOG UP position failed;4510
MP3111;Press 3 Transfer move to JOG DOWN position failed;4511
MP3112;Press 3 Transfer move UP to SHORT SHOT position failed;4512
MP3113;Press 3 Transfer move UP to FILL CURE CLEANING position failed;4513
MP3114;Press 3 Transfer move to RELATIVE UP position failed;4514
MP3115;Press 3 Transfer move to RELATIVE DOWN position failed;4515
MP3116;Press 3 Transfer move to PLUNGER BLK CHANGE PM1 position failed;4516
MP3117;Press 3 Transfer move to MOLD FLUSH PM2 position failed;4517
MP3118;Press 3 Transfer move to PLUNGER CHANGE PM3 position failed;4518
MP3119;Press 3 Transfer move to STANDBY CLEANING position failed;4519
MP3120;Press 3 Transfer NOT at STANDBY position;4520
MP3121;Press 3 Servo Power Not On;4521
MP3122;Press 3 Error;4522
MP3123;Press 3 Detected NL Y Not Home;4523
MP3124;Press 3 Detected FL Y Not Home;4524
MP3125;Press 3 Detected PGS Grippers Abnormal;4525
MP3126;Press 3 Detected Top Ejector Not Up;4526
MP3127;Press 3 Detected Middle Plate Not Up;4527
MP3128;Press 3 Detected Temperature Not Ready;4528
MP3129;Press 3 Detected PGS Grippers Jammed;4529
MP3130;Press 3 Detected Misalign Sensor On;4530
MP3131;Press 3 Film Out Air Jet Off Fail;4531
MP3132;Press 3 Film Out Air Jet On Fail;4532
MP3133;Press 3 Ionizer Off Fail;4533
MP3134;Press 3 Ionizer On Fail;4534
MP3135;Press 3 Top Wedged Fail To Move To Film Suction Position;4535
MP3140;Press 3 Wedge In Error;4540
MP3141;Press 3 Wedge Move To FL Pick Mat Error;4541
MP3142;Press 3 Wedge 2 In Error;4542
MP3143;Press 3 Wedge 2 Move To FL Pick Mat Error;4543
MP3144;Press 3 Wedge Move Error - Detect MidPlate Down;4544
MP3145;Press 3 Wedge 2 Move Error - Detect MidPlate Down;4545
MP3150;Press 3 Clamp Force Setting is required;4550
MP3151;Press 3 detected Temperature Out of Tolerance;4551
MP3152;Press 3 detected Temperature Controller failed;4552
MP3153;Press 3 Detected Safety Screen Triggered;4553
MP3154;Press 3 Top Wedge Force Not Enough;4554
MP3155;Press 3 ThermoSwitch Triggered!;4555
MP3156;Press 3 Bottom Mold Temperature Over Heat;4556
MP3157;Press 3 Top Wedge Relative move Fail;4557
MP3158;Press 3 Mid plate position Unknown;4558
MP3159;Press 3 Mid plate NOT at Down position;4559
MP3160;Press 3 PL Not at safe position to Open/Close;4560
MP3161;Press 3 PL Wrong Mold Open Sequence;4561
MP3162;Press 3 Move To PP12 Position Fail;4562
MP3163;Press 3 Move To Mid-Clamp Position Fail;4563
MP3164;Press 3 Detected  Unknown LF Status;4564
MP3165;Press 3 Detected LF UnMolded;4565
MP3166;Press 3 HMI Message Reply Unknown;4566
MP3167;Press 3 wait Pellet Cure;4567
MP3168;Press 3 Filling Error;4568
MP3169;Press 3 Curing Error;4569
MP3170;Press 3 Goes Offline after Mold Fail;4570
MP3171;Press 3 Detected Filling out of Range;4571
MP3172;Press 3 Detected Filling Pressure out of Range;4572
MP3173;Press 3 Detected OnLine Init Fail;4573
MP3174;Press 3 Detected OnLine Pre-Start Fail;4574
MP3175;Press 3 Detected Press Door Close Fail;4575
MP3176;Detected PGS Gripper not Open;4576
MP3177;Ejector Not Safe to Move Down! Mid Plate not at Down;4577
MP3178;Detected Gripper Air Pressure Low;4578
MP3179;Press 3 is required to do  Full Clean (Auto);4579
MP3180;Press 3 is required to do  Fast Clean (Auto);4580
MP3181;Press 3 is required to do  Partiall Clean (Auto);4581
MP3182;Press 3 is required to do Full Clean (Idle);4582
MP3183;Press 3 is required to do Fast Clean (Idle);4583
MP3184;Press 3 is required to do  Partial Clean (Idle);4584
MP3185;Detected Loader Present at Mold;4585
MP3186;Press 3 Mold Ext Count off fail;4586
MP3187;Press 3 Mold Ext Count on fail;4587
MP3188;Press 3 Update LF Processed Failed;4588
MP3189;Press 3 Detected LF Stick on Top Mold;4589
MP3191;Please Verify Units Status on Press 3;4591
MP3192;Press 3 Compound Expiry (To Mold Clamp);4592
MP3193;Press 3 Top Surface Thermocouple Out Of Tolerance;4593
MP3194;Press 3 Mid Plate Surface Thermocouple Out Of Tolerance;4594
MP3195;Press 3 Btm Surface Thermocouple Out Of Tolerance;4595
MP3196;Press 3 Voltage Dip;4596
MP3197;Press 3 Btm Retract Pin Error;4597
MP3198;Press 3 Top Retract Pin Error;4598
MP3199;Press 3 Heaters not Turn on!;4599
MP3200;Press 3 Bottom FAM Roller Not at DOWN Position;4600
MP3201;Press 3 Substrate Vacuum Choke!;4601
MP3202;Press 3 Avoid Void Vacuum Choke!;4602
MP3203;Press 3 Ebara Pump Off fail!;4603
MP3204;Press 3 Ebara Pump On fail!;4604
MP3205;Press 3 Reset Ebara Pump Off fail!;4605
MP3206;Press 3 Reset Ebara Pump On fail!;4606
MP3207;Press 3 Ebara Pump Error!;4607
MP3208;Press 3 Avoid Void Vacuum Upper Limit!;4608
MP3209;Press 3 Substrate Vacuum Buffer Off failed;4609
MP3210;Press 3 Substrate Vacuum Buffer On failed;4610
MP3211;Press 3 Inner Substrate Vacuum Off failed;4611
MP3212;Press 3 Inner Substrate Vacuum On failed;4612
MP3213;Press 3 Ebara Valve Turn Off Fail!;4613
MP3214;Press 3 Ebara Valve Turn On Fail!;4614
MP3215;Press 3 Receive Offline command from Linescanner/Vision;4615
MP3216;Press 3 Wedge Search Force Fail!;4616
MP3217;Press 3 Wedge 1 Search Force Fail!;4617
MP3218;Press 3 Wedge 2 Search Force Fail!;4618
MP3219;Press 3 Load Cell 1 Off Fail;4619
MP3220;Press 3 Load Cell 1 On Fail;4620
MP3221;Press 3 Load Cell 2 Off Fail;4621
MP3222;Press 3 Load Cell 2 On Fail;4622
MP3223;Press 3 Top Mold Temperature SPC out of Control Limit!;4623
MP3224;Press 3 Top Mold Temperature SPC out of Spec Limit!;4624
MP3225;Press 3 Bottom Mold Temperature SPC out of Control Limit!;4625
MP3226;Press 3 Bottom Mold Temperature SPC out of Spec Limit!;4626
MP3227;Press 3 Clamp Force SPC out of Control Limit!;4627
MP3228;Press 3 Clamp Force SPC out of Spec Limit!;4628
MP3229;Press 3 Packing Pressure SPC out of Control Limit!;4629
MP3230;Press 3 Packing Pressure SPC out of Spec Limit!;4630
MP3231;Press 3 Transfer Time SPC out of Control Limit!;4631
MP3232;Press 3 Transfer Time SPC out of Spec Limit!;4632
MP3240;Press 3 Detected Platen Pulse below safe zone! Please Send middle plate to Top;4640
MP3241;Press 3 Detected Middle Plate Pos Status Not Match with Sensor!;4641
MP3265;Press 3 - MidClamp wait time longer than filling time;4665
MP3266;Press 3 - Detected cull remain;4666
MP3267;Press 3 - Detected abnormal delay before highclamp;4667
MP3268;Press 3 - Please Remove LF on Press 3!;4668
MP3273;Press 3 - Full Mold Cleaning PreAlert!;4673
MP3274;Press 3 - Partial Mold Cleaning PreAlert!;4674
MP3275;Press 3 - Fast Mold Cleaning PreAlert!;4675
MP3276;External UPS Triggered! Press 3 Goes Offline!;4676
MP3286;Press3 detected small door not close;4686
MP3300;Press3 enable Motor Contactor Failed!;4700
MP3301;Press3 enable Motor Driver Failed!;4701
MP3302;Press3 detected Platen Low Battery;4702
MP3303;Press3 detected Transfer Low Battery;4703
MP3318;Press3 detected abnormal exhoust flow 1 ;4718
MP3319;Press3 detected abnormal exhoust flow 2;4719
MP3320;Press3 detected pressure out of scope;4720
MP3321;Press3 detected position out of scope;4721
MP3322;Press3 detected avoidvoid vacuum out of scope;4722
MP3323;Press3 detected avoidvoid vacuum 1 and 2 is different;4723
MP3326;Press3 detected Reject Tray not present;4726
MP3327;Press3 detected Reject Tray Full;4727
MP3328;Press3 detected R Pin Home failed;4728
MP3329;Press3 detected R Pin Up failed;4729
MP3330;Press3 detected R Pin Down failed;4730
MP3331;Press3 detected pre-warning pressure out of scope ;4731
MP3332;Press3 detected pre-warning position out of scope;4732
MP3333;Press3 detected pre-warning avoidvoid vacuum out of scope;4733
MP3334;Press1 detected avoidvoid vacuum 1 or vacuum 2 is abnormal;4734
MP3500;SHI Emergency Error;4900
MP3501;SHI Data Setting Err;4901
MP3502;SHI Serial Com Err;4902
MP3503;SHI Self Check Err;4903
MP3504;Invalid Platen Command;4904
MP3505;Invalid Transfer Command;4905
MP3506;SHI Controller Fan Stop;4906
MP3507;SHI Press Type Error;4907
MP3508;SHI Memory Error;4908
MP3509;SHI Common Servo Err;4909
MP3510;SHI Control Box Temperature Err;4910
MP3511;SHI Platen Up Limit Err;4911
MP3512;SHI Platen Low Limit Err;4912
MP3513;SHI Platen PG Err;4913
MP3514;SHI Platen Beyond 5 Ton Range;4914
MP3515;SHI Soft Clamp Err;4915
MP3516;SHI Platen Servo Err;4916
MP3517;SHI Platen Interlock Err;4917
MP3518;SHI Platen Thermal Trip;4918
MP3519;SHI Platen Soft Clamp Sensor Err;4919
MP3520;SHI Transfer Up Limit Err;4920
MP3521;SHI Transfer Low Limit Err;4921
MP3523;SHI Transfer PG Err;4923
MP3524;SHI Transfer Load Cell Err;4924
MP3525;SHI Transfer Force Limit Err;4925
MP3526;SHI Transfer Servo Err;4926
MP3527;SHI Transfer Curing Force Err;4927
MP3528;SHI Transfer Filling Err;4928
MP3529;SHI Transfer VP Switch Err;4929
MP3530;SHI Transfer Pressure Out Of Range;4930
MP3531;SHI Transfer Thermal Trip;4931
MP3600;SHI IO Check Err;5000
MP3601;SHI Soft Limit Err;5001
MP3602;SHI Platen IO Err;5002
MP3603;SHI Transfer IO Err;5003
MP3604;SHI Read Strobe Err;5004
MP3605;SHI Platen Motion Timeout;5005
MP3606;SHI Transfer Motion Timeout;5006
MP3607;SHI Lock Timeout;5007
MP3608;SHI All Data Match;5008
MP3609;SHI Comm Err;5009
MP3610;SHI Error;5010
MP3611;SHI IO Check Pass;5011
MP3612;SHI Motor not OFF;5012
MP3613;SHI Motor not ON;5013
MP3614;SHI not Acknowledge;5014
MP3615;SHI Platen Command not Read;5015
MP3616;SHI Transfer Command not Read;5016
MP4001;Press 4 Left Wedge move to HOME position failed;5401
MP4002;Press 4 Left Wedge move to STANDBY position failed;5402
MP4003;Press 4 Left Wedge move to START position failed;5403
MP4004;Press 4 Left Wedge move to FILLING position failed;5404
MP4005;Press 4 Left Wedge move to PACKING position failed;5405
MP4006;Press 4 Left Wedge move to DECOMPRESS position failed;5406
MP4007;Press 4 Right Wedge move to HOME position failed;5407
MP4008;Press 4 Right Wedge move to STANDBY position failed;5408
MP4009;Press 4 Right Wedge move to START position failed;5409
MP4010;Press 4 Right Wedge move to FILLING position failed;5410
MP4011;Press 4 Right Wedge move to PACKING position failed;5411
MP4012;Press 4 Right Wedge move to DECOMPRESS position failed;5412
MP4013;Press 4 Top Wedge move to HOME position failed;5413
MP4014;Press 4 Top Wedge move to STANDBY position failed;5414
MP4015;Press 4 Top Wedge move to START position failed;5415
MP4016;Press 4 Top Wedge move to FILLING position failed;5416
MP4017;Press 4 Top Wedge move to PACKING position failed;5417
MP4018;Press 4 Top Wedge move to DECOMPRESS position failed;5418
MP4019;Press 4 Reset Safety move to OFF position failed;5419
MP4020;Press 4 Reset Safety move to ON position failed;5420
MP4021;Press 4 Offline Door move to OPEN position failed;5421
MP4022;Press 4 Offline Door move to CLOSE position failed;5422
MP4023;Press 4 Substrate Vacuum move to OFF position failed;5423
MP4024;Press 4 Substrate Vacuum move to ON position failed;5424
MP4025;Press 4 Substrate Air move to OFF position failed;5425
MP4026;Press 4 Substrate Air move to ON position failed;5426
MP4027;Press 4 Mold Avoid Void move to OFF position failed;5427
MP4028;Press 4 Mold Avoid Void move to ON position failed;5428
MP4029;Press 4 Mold Avoid Void Air move to OFF position failed;5429
MP4030;Press 4 Mold Avoid Void Air move to ON position failed;5430
MP4031;Press 4 Mold Chase Alignment Done!;5431
MP4032;Press 4 Platen Enc Calibration Done!;5432
MP4033;Press 4 Platen Enc Calibration Fail!;5433
MP4034;Press 4 Transfer Enc Calibration Done!;5434
MP4035;Press 4 Transfer Enc Calibration Fail!;5435
MP4036;Press 4 Film Outer Vacuum move to ON position failed;5436
MP4037;Press 4 Top Cylinder move to UP position failed;5437
MP4038;Press 4 Top Cylinder move to DOWN position failed;5438
MP4039;Press 4 Top Gripper move to CLOSE position failed;5439
MP4040;Press 4 Top Gripper move to OPEN position failed;5440
MP4041;Press 4 Cylinder Wedge move to OUT position failed;5441
MP4042;Press 4 Cylinder Wedge move to IN position failed;5442
MP4043;Press 4 Chase Pump 1 move to OFF position failed;5443
MP4044;Press 4 Chase Pump 1 move to ON position failed;5444
MP4045;Press 4 Chase Pump 2 move to OFF position failed;5445
MP4046;Press 4 Chase Pump 2 move to ON position failed;5446
MP4047;Press 4 Detected Incomplete Fill Signal from degate. Going offline!;5447
MP4048;Press 4 Detected Avoid Void Air Purge is On!;5448
MP4049;Press 4 Detected Substrate Air Purge is On!;5449
MP4050;Press 4 Detected Platen not at Safe Pos to On Air Blow!;5450
MP4051;Press 4 Hepa Filter move to OFF position failed;5451
MP4052;Press 4 Hepa Filter move to ON position failed;5452
MP4053;Press 4 Press Start Cure move to OFF position failed;5453
MP4054;Press 4 Press Start Cure move to ON position failed;5454
MP4055;Press 4 Left Wedge COMMUTATE failed;5455
MP4056;Press 4 Right Wedge COMMUTATE failed;5456
MP4057;Press 4 Top Wedge COMMUTATE failed;5457
MP4058;Press 4 Offline Door NOT SAFE to move to CLOSE position;5458
MP4059;Press 4 Press Platen NOT SAFE to move to CLOSE position;5459
MP4060;Press 4 Safety Screen RESET failed;5460
MP4061;Press 4 Servo Power POWER ON failed;5461
MP4062;Press 4 Servo Power POWER OFF failed;5462
MP4063;Press 4 Transfer has NOT INITIALIZE;5463
MP4064;Press 4 Platen has NOT INITIALIZE;5464
MP4065;Press 4 Platen ABORT motion failed;5465
MP4066;Press 4 Platen CALIBRATED ENCODER failed;5466
MP4067;Press 4 Platen move UP to PPD position failed;5467
MP4068;Press 4 Platen move UP to CFS position failed;5468
MP4069;Press 4 Platen move to STANDBY position failed;5469
MP4070;Press 4 Platen move UP to FAST HIGH CLAMP position failed;5470
MP4071;Press 4 Platen move DOWN to EJECT position failed;5471
MP4072;Press 4 Platen move UP to STANDY position failed;5472
MP4073;Press 4 Platen STOP motion failed;5473
MP4074;Press 4 Platen move to JOG UP position failed;5474
MP4075;Press 4 Platen move to JOG DOWN position failed;5475
MP4076;Press 4 Platen move to RELATIVE UP position failed;5476
MP4077;Press 4 Platen move to RELATIVE DOWN position failed;5477
MP4078;Press 4 Platen move UP to SHEET CLAMP position failed;5478
MP4079;Press 4 Platen Soft Clamp Error;5479
MP4080;Press 4 Platen move UP to HIGH CLAMP ONLY position failed;5480
MP4081;Press 4 Platen move UP to FULL CLAMP position failed;5481
MP4082;Press 4 Platen move DOWN to GAP position failed;5482
MP4083;Press 4 Platen move UP to PAPER HIGH CLAMP position failed;5483
MP4084;Press 4 Platen move UP to CFS KISS position failed;5484
MP4085;Press 4 Platen move UP to CFS HIGH CLAMP position failed;5485
MP4086;Press 4 Platen move DOWN to EJECT LF PP4 position failed;5486
MP4087;Press 4 Platen move DOWN to EJECT LF PP5 position failed;5487
MP4088;Press 4 Platen move DOWN to SMOOTH PP8 position failed;5488
MP4089;Press 4 Platen move DOWN to FAST PP8 position failed;5489
MP4090;Press 4 Platen move UP to PP9 position failed;5490
MP4091;Press 4 Platen move UP to PP10 W/O INTERLOCK position failed;5491
MP4092;Press 4 Platen move UP to KISS position failed;5492
MP4093;Press 4 Platen move DOWN to FAST EJECT position failed;5493
MP4094;Press 4 Platen NOT at KISS position;5494
MP4095;Press 4 Platen NOT at EJECT position;5495
MP4096;Press 4 Platen NOT at STANDBY position;5496
MP4097;Press 4 Platen IS CLOSED;5497
MP4098;Press 4 Platen has NOT DONE CFS;5498
MP4099;Press 4 Platen move UP to Gap position failed;5499
MP4100;Press 4 Transfer ABORT motion failed;5500
MP4101;Press 4 Transfer CALIBRATED ENCODER failed;5501
MP4102;Press 4 Transfer move to STANDBY position failed;5502
MP4103;Press 4 Transfer move UP to FILL CURE position failed;5503
MP4104;Press 4 Transfer move DOWN to PD position failed;5504
MP4105;Press 4 Transfer move UP to EJECT position failed;5505
MP4106;Press 4 Transfer move to PC1 position failed;5506
MP4107;Press 4 Transfer move to PC2 position failed;5507
MP4108;Press 4 Transfer move DOWN to STANDBY position failed;5508
MP4109;Press 4 Transfer STOP motion failed;5509
MP4110;Press 4 Transfer move to JOG UP position failed;5510
MP4111;Press 4 Transfer move to JOG DOWN position failed;5511
MP4112;Press 4 Transfer move UP to SHORT SHOT position failed;5512
MP4113;Press 4 Transfer move UP to FILL CURE CLEANING position failed;5513
MP4114;Press 4 Transfer move to RELATIVE UP position failed;5514
MP4115;Press 4 Transfer move to RELATIVE DOWN position failed;5515
MP4116;Press 4 Transfer move to PLUNGER BLK CHANGE PM1 position failed;5516
MP4117;Press 4 Transfer move to MOLD FLUSH PM2 position failed;5517
MP4118;Press 4 Transfer move to PLUNGER CHANGE PM3 position failed;5518
MP4119;Press 4 Transfer move to STANDBY CLEANING position failed;5519
MP4120;Press 4 Transfer NOT at STANDBY position;5520
MP4121;Press 4 Servo Power Not On;5521
MP4122;Press 4 Error;5522
MP4123;Press 4 Detected NL Y Not Home;5523
MP4124;Press 4 Detected FL Y Not Home;5524
MP4125;Press 4 Detected PGS Grippers Abnormal;5525
MP4126;Press 4 Detected Top Ejector Not Up;5526
MP4127;Press 4 Detected Middle Plate Not Up;5527
MP4128;Press 4 Detected Temperature Not Ready;5528
MP4129;Press 4 Detected PGS Grippers Jammed;5529
MP4130;Press 4 Detected Misalign Sensor On;5530
MP4131;Press 4 Film Out Air Jet Off Fail;5531
MP4132;Press 4 Film Out Air Jet On Fail;5532
MP4133;Press 4 Ionizer Off Fail;5533
MP4134;Press 4 Ionizer On Fail;5534
MP4135;Press 4 Top Wedged Fail To Move To Film Suction Position;5535
MP4140;Press 4 Wedge In Error;5540
MP4141;Press 4 Wedge Move To FL Pick Mat Error;5541
MP4142;Press 4 Wedge 2 In Error;5542
MP4143;Press 4 Wedge 2 Move To FL Pick Mat Error;5543
MP4144;Press 4 Wedge Move Error - Detect MidPlate Down;5544
MP4145;Press 4 Wedge 2 Move Error - Detect MidPlate Down;5545
MP4150;Press 4 Clamp Force Setting is required;5550
MP4151;Press 4 detected Temperature Out of Tolerance;5551
MP4152;Press 4 detected Temperature Controller failed;5552
MP4153;Press 4 Detected Safety Screen Triggered;5553
MP4154;Press 4 Top Wedge Force Not Enough;5554
MP4155;Press 4 ThermoSwitch Triggered!;5555
MP4156;Press 4 Bottom Mold Temperature Over Heat;5556
MP4157;Press 4 Top Wedge Relative move Fail;5557
MP4158;Press 4 Mid plate position Unknown;5558
MP4159;Press 4 Mid plate NOT at Down position;5559
MP4160;Press 4 PL Not at safe position to Open/Close;5560
MP4161;Press 4 PL Wrong Mold Open Sequence;5561
MP4162;Press 4 Move To PP12 Position Fail;5562
MP4163;Press 4 Move To Mid-Clamp Position Fail;5563
MP4164;Press 4 Detected  Unknown LF Status;5564
MP4165;Press 4 Detected LF UnMolded;5565
MP4166;Press 4 HMI Message Reply Unknown;5566
MP4167;Press 4 wait Pellet Cure;5567
MP4168;Press 4 Filling Error;5568
MP4169;Press 4 Curing Error;5569
MP4170;Press 4 Goes Offline after Mold Fail;5570
MP4171;Press 4 Detected Filling out of Range;5571
MP4172;Press 4 Detected Filling Pressure out of Range;5572
MP4173;Press 4 Detected OnLine Init Fail;5573
MP4174;Press 4 Detected OnLine Pre-Start Fail;5574
MP4175;Press 4 Detected Press Door Close Fail;5575
MP4176;Detected PGS Gripper not Open;5576
MP4177;Ejector Not Safe to Move Down! Mid Plate not at Down;5577
MP4178;Detected Gripper Air Pressure Low;5578
MP4179;Press 4 is required to do Full Clean (Auto);5579
MP4180;Press 4 is required to do  Fast Clean (Auto);5580
MP4181;Press 4 is required to do  Partial Clean (Auto);5581
MP4182;Press 4 is required to do Full Clean (Idle);5582
MP4183;Press 4 is required to do Fast Clean (Idle);5583
MP4184;Press 4 is required to do  Partial Clean (Idle);5584
MP4185;Detected Loader Present at Mold;5585
MP4186;Press 4 Mold Ext Count off fail;5586
MP4187;Press 4 Mold Ext Count on fail;5587
MP4188;Press 4 Update LF Processed Failed;5588
MP4189;Press 4 Detected LF Stick on Top Mold;5589
MP4191;Please Verify Units Status on Press 4;5591
MP4192;Press 4 Compound Expiry (To Mold Clamp);5592
MP4193;Press 4 Top Surface Thermocouple Out Of Tolerance;5593
MP4194;Press 4 Mid Plate Surface Thermocouple Out Of Tolerance;5594
MP4195;Press 4 Btm Surface Thermocouple Out Of Tolerance;5595
MP4196;Press 4 Voltage Dip;5596
MP4197;Press 4 Btm Retract Pin Error;5597
MP4198;Press 4 Top Retract Pin Error;5598
MP4199;Press 4 Heaters not Turn on!;5599
MP4200;Press 4 Bottom FAM Roller Not at DOWN Position;5600
MP4201;Press 4 Substrate Vacuum Choke!;5601
MP4202;Press 4 Avoid Void Vacuum Choke!;5602
MP4203;Press 4 Ebara Pump Off fail!;5603
MP4204;Press 4 Ebara Pump On fail!;5604
MP4205;Press 4 Reset Ebara Pump Off fail!;5605
MP4206;Press 4 Reset Ebara Pump On fail!;5606
MP4207;Press 4 Ebara Pump Error!;5607
MP4208;Press 4 Avoid Void Vacuum Upper Limit!;5608
MP4209;Press 4 Substrate Vacuum Buffer Off failed;5609
MP4210;Press 4 Substrate Vacuum Buffer On failed;5610
MP4211;Press 4 Inner Substrate Vacuum Off failed;5611
MP4212;Press 4 Inner Substrate Vacuum On failed;5612
MP4213;Press 4 Ebara Valve Turn Off Fail!;5613
MP4214;Press 4 Ebara Valve Turn On Fail!;5614
MP4215;Press 4 Receive Offline command from Linescanner/Vision;5615
MP4216;Press 4 Wedge Search Force Fail!;5616
MP4217;Press 4 Wedge 1 Search Force Fail!;5617
MP4218;Press 4 Wedge 2 Search Force Fail!;5618
MP4219;Press 4 Load Cell 1 Off Fail;5619
MP4220;Press 4 Load Cell 1 On Fail;5620
MP4221;Press 4 Load Cell 2 Off Fail;5621
MP4222;Press 4 Load Cell 2 On Fail;5622
MP4223;Press 4 Top Mold Temperature SPC out of Control Limit!;5623
MP4224;Press 4 Top Mold Temperature SPC out of Spec Limit!;5624
MP4225;Press 4 Bottom Mold Temperature SPC out of Control Limit!;5625
MP4226;Press 4 Bottom Mold Temperature SPC out of Spec Limit!;5626
MP4227;Press 4 Clamp Force SPC out of Control Limit!;5627
MP4228;Press 4 Clamp Force SPC out of Spec Limit!;5628
MP4229;Press 4 Packing Pressure SPC out of Control Limit!;5629
MP4230;Press 4 Packing Pressure SPC out of Spec Limit!;5630
MP4231;Press 4 Transfer Time SPC out of Control Limit!;5631
MP4232;Press 4 Transfer Time SPC out of Spec Limit!;5632
MP4240;Press 4 Detected Platen Pulse below safe zone! Please Send middle plate to Top;5640
MP4241;Press 4 Detected Middle Plate Pos Status Not Match with Sensor!;5641
MP4265;Press 4 - MidClamp wait time longer than filling time;5665
MP4266;Press 4 - Detected cull remain;5666
MP4267;Press 4 - Detected abnormal delay before highclamp;5667
MP4268;Press 4 - Please Remove LF on Press 4!;5668
MP4273;Press 4 - Full Mold Cleaning PreAlert!;5673
MP4274;Press 4 - Partial Mold Cleaning PreAlert!;5674
MP4275;Press 4 - Fast Mold Cleaning PreAlert!;5675
MP4276;External UPS Triggered! Press 4 Goes Offline!;5676
MP4279;3GEye detected Press4 Clamp Force has abnormal downtrend signal;5679
MP4280;3GEye detected Press4 Filling Time has abnormal downtrend signal;5680
MP4281;3GEye detected Press4 Packing Pressure has abnormal downtrend signal;5681
MP4282;3GEye detected Press4 Top Ejector has abnormal downtrend signal;5682
MP4283;3GEye detected Press4 Top Temperature has abnormal downtrend signal;5683
MP4284;3GEye detected Press4 Bottom Temperature has abnormal downtrend signal;5684
MP4286;Press4 detected small door not close;5686
MP4300;Press4 enable Motor Contactor Failed!;5700
MP4301;Press4 enable Motor Driver Failed!;5701
MP4302;Press4 detected Platen Low Battery;5702
MP4303;Press4 detected Transfer Low Battery;5703
MP4318;Press4 detected abnormal exhoust flow 1 ;5718
MP4319;Press4 detected abnormal exhoust flow 2;5719
MP4320;Press4 detected pressure out of scope;5720
MP4321;Press4 detected position out of scope;5721
MP4322;Press4 detected avoidvoid vacuum out of scope;5722
MP4323;Press4 detected avoidvoid vacuum 1 and 2 is different;5723
MP4326;Press4 detected Reject Tray not present;5726
MP4327;Press4 detected Reject Tray Full;5727
MP4328;Press4 detected R Pin Home failed;5728
MP4329;Press4 detected R Pin Up failed;5729
MP4330;Press4 detected R Pin Down failed;5730
MP4331;Press4 detected pre-warning pressure out of scope ;5731
MP4332;Press4 detected pre-warning position out of scope;5732
MP4333;Press4 detected pre-warning avoidvoid vacuum out of scope;5733
MP4334;Press1 detected avoidvoid vacuum 1 or vacuum 2 is abnormal;5734
MP4500;SHI Emergency Error;5900
MP4501;SHI Data Setting Err;5901
MP4502;SHI Serial Com Err;5902
MP4503;SHI Self Check Err;5903
MP4504;Invalid Platen Command;5904
MP4505;Invalid Transfer Command;5905
MP4506;SHI Controller Fan Stop;5906
MP4507;SHI Press Type Error;5907
MP4508;SHI Memory Error;5908
MP4509;SHI Common Servo Err;5909
MP4510;SHI Control Box Temperature Err;5910
MP4511;SHI Platen Up Limit Err;5911
MP4512;SHI Platen Low Limit Err;5912
MP4513;SHI Platen PG Err;5913
MP4514;SHI Platen Beyond 5 Ton Range;5914
MP4515;SHI Soft Clamp Err;5915
MP4516;SHI Platen Servo Err;5916
MP4517;SHI Platen Interlock Err;5917
MP4518;SHI Platen Thermal Trip;5918
MP4519;SHI Platen Soft Clamp Sensor Err;5919
MP4520;SHI Transfer Up Limit Err;5920
MP4521;SHI Transfer Low Limit Err;5921
MP4523;SHI Transfer PG Err;5923
MP4524;SHI Transfer Load Cell Err;5924
MP4525;SHI Transfer Force Limit Err;5925
MP4526;SHI Transfer Servo Err;5926
MP4527;SHI Transfer Curing Force Err;5927
MP4528;SHI Transfer Filling Err;5928
MP4529;SHI Transfer VP Switch Err;5929
MP4530;SHI Transfer Pressure Out Of Range;5930
MP4531;SHI Transfer Thermal Trip;5931
MP4600;SHI IO Check Err;6000
MP4601;SHI Soft Limit Err;6001
MP4602;SHI Platen IO Err;6002
MP4603;SHI Transfer IO Err;6003
MP4604;SHI Read Strobe Err;6004
MP4605;SHI Platen Motion Timeout;6005
MP4606;SHI Transfer Motion Timeout;6006
MP4607;SHI Lock Timeout;6007
MP4608;SHI All Data Match;6008
MP4609;SHI Comm Err;6009
MP4610;SHI Error;6010
MP4611;SHI IO Check Pass;6011
MP4612;SHI Motor not OFF;6012
MP4613;SHI Motor not ON;6013
MP4614;SHI not Acknowledge;6014
MP4615;SHI Platen Command not Read;6015
MP4616;SHI Transfer Command not Read;6016
OFL001;OffLoader X move to HOME position failed;6801
OFL002;OffLoader X move to DEGATE position failed;6802
OFL003;OffLoader X move to PRESS 1 position failed;6803
OFL004;OffLoader X move to PRESS 2 position failed;6804
OFL005;OffLoader X move to PRESS 3 position failed;6805
OFL006;OffLoader X move to PRESS 4 position failed;6806
OFL007;OffLoader X move to Prp Load position failed;6807
OFL008;OffLoader Y move Home position failed;6808
OFL009;OffLoader Y move to Backward position failed;6809
OFL010;OffLoader Y move Forward to Press 1 failed;6810
OFL011;OffLoader Y move Forward to Press 2 failed;6811
OFL012;OffLoader Y move Forward to Press 3 failed;6812
OFL013;OffLoader Y move Forward to Press 4 failed;6813
OFL014;OffLoader Y Mold Clean Start position failed;6814
OFL015;OffLoader Y Mold Clean End position failed;6815
OFL016;OffLoader Y move to Degate position failed;6816
OFL017;OffLoader Y move to Press 1 CULL PUSH START position failed;6817
OFL018;OffLoader Y move to Press 1 CULL PUSH END position failed;6818
OFL019;OffLoader Y move to Press 2 CULL PUSH START position failed;6819
OFL020;OffLoader Y move to Press 2 CULL PUSH END position failed;6820
OFL021;OffLoader Y move to Press 3 CULL PUSH START position failed;6821
OFL022;OffLoader Y move to Press 3 CULL PUSH END position failed;6822
OFL023;OffLoader Y move to Press 4 CULL PUSH START position failed;6823
OFL024;OffLoader Y move to Press 4 CULL PUSH END position failed;6824
OFL025;OffLoader Y move to prp load position fail;6825
OFL026;OffLoader Z move to Home position failed;6826
OFL027;OffLoader Z move to Up position failed ;6827
OFL028;OffLoader Z move to Down position failed;6828
OFL029;OffLoader Gripper move to Close position failed;6829
OFL030;OffLoader Gripper move to Open position failed;6830
OFL031;OffLoader Mold Clean Motor move to OFF position failed;6831
OFL032;OffLoader Mold Clean Motor move to ON position failed;6832
OFL033;OffLoader Top Brush move to IN position failed;6833
OFL034;OffLoader Top Brush move to OUT position failed;6834
OFL035;OffLoader Bottom Brush move to IN position failed;6835
OFL036;OffLoader Bottom Brush move to OUT position failed;6836
OFL037;OffLoader Cull Plate move to UP position failed;6837
OFL038;OffLoader Cull Plate move to DOWN position failed;6838
OFL039;OffLoader Vacuum move to OFF position failed;6839
OFL040;OffLoader Vacuum move to ON position failed;6840
OFL041;OffLoader Cull Vacuum move to OFF position failed;6841
OFL042;OffLoader Cull Vacuum move to ON position failed;6842
OFL043;OffLoader Air jet move to OFF position failed;6843
OFL044;OffLoader Air jet move to ON position failed;6844
OFL045;OffLoader Vacuum pump move to OFF position failed;6845
OFL046;OffLoader Vacuum pump move to ON position failed;6846
OFL047;OffLoader X acquiring Invalid Position LOCK;6847
OFL048;OffLoader detected X move to Press position not safe;6848
OFL049;OffLoader detected Press 1 not at Standby or safe position;6849
OFL050;OffLoader detected Press 2 not at Standby or safe position;6850
OFL051;OffLoader detected Press 3 not at Standby or safe position;6851
OFL052;OffLoader detected Press 4 not at Standby or safe position;6852
OFL053;OffLoader detected Press 1 door not open;6853
OFL054;OffLoader detected Press 2 door not open;6854
OFL055;OffLoader detected Press 3 door not open;6855
OFL056;OffLoader detected Press 4 door not open;6856
OFL057;OffLoader detected X move to Degate postion not safe;6857
OFL058;OffLoader detected Z not at UP position;6858
OFL059;OffLoader detected Y not at BACKWARD position;6859
OFL060;OffLoader detected Mold Clean not at IN position;6860
OFL061;OffLoader detected Cull Pate not at DOWN position;6861
OFL062;OffLoader detected X not at Press position;6862
OFL063;OffLoader detected X not at Press 1 position;6863
OFL064;OffLoader detected X not at Press 2 position;6864
OFL065;OffLoader detected X not at Press 3 position;6865
OFL066;OffLoader detected X not at Press 4 position;6866
OFL067;OffLoader detected X not at Degate position;6867
OFL068;OffLoader detected X at wrong Press position;6868
OFL069;OffLoader detected missing LF after Pick;6869
OFL070;OffLoader detected LF on Gripper after Place;6870
OFL071;OffLoader detected Press 1 not at STANDBY position;6871
OFL072;OffLoader detected Press 2 not at STANDBY position;6872
OFL073;OffLoader detected Press 3 not at STANDBY position;6873
OFL074;OffLoader detected Press 4 not at STANDBY position;6874
OFL075;OffLoader detected Press not installed ;6875
OFL076;OffLoader detected unknown LF;6876
OFL077;OffLoader detected partial LF;6877
OFL078;OffLoader detected OnLoader X not at HOME position;6878
OFL079;OffLoader detected Degate not at HOME position;6879
OFL080;OffLoader Y move to LF CLEAN START position failed;6880
OFL081;OffLoader Y move to LF CLEAN END position failed;6881
OFL082;OffLoader detected X interlock sensor triggered (Hit Onloader);6882
OFL083;OffLoader detected Mold Clean not at OUT position;6883
OFL084;OffLoader detected X axis limit error;6884
OFL085;OffLoader detected T axis limit error;6885
OFL086;OffLoader detected not in PRP LOAD position;6886
OFL087;OffLoader detected Top Brush not at IN position;6887
OFL088;OffLoader detected Bottom Brush not at IN position;6888
OFL089;OffLoader PRP release done;6889
OFL090;OffLoader PRP load done;6890
OFL091;OffLoader detected Incorrect PRP Load position;6891
OFL092;OffLoader Cull Vacuum at Press 1 turn ON failed;6892
OFL093;OffLoader Cull Vacuum at Press 2 turn ON failed;6893
OFL094;OffLoader Cull Vacuum at Press 3 turn ON failed;6894
OFL095;OffLoader Cull Vacuum at Press 4 turn ON failed;6895
OFL096;OffLoader move to Degate START CLEAN position failed;6896
OFL097;OffLoader move to Degate END CLEAN position failed;6897
OFL098;OffLoader setup Datalog failed;6898
OFL099;OffLoader enable Datalog failed;6899
OFL100;OffLoader disable Datalog failed;6900
OFL101;OffLoader close Datalog failed;6901
OFL102;OffLoader get Datalog Data failed;6902
OFL103;OffLoader detected Cull remains;6903
OFL104;OffLoader detected Cull drop;6904
OFL105;OffLoader Y move to CULL DETECT position failed;6905
OFL106;OffLoader detected Cull Scanning velocity too Slow;6906
OFL107;OffLoader detected Loader Present sensor at Press 1 Malfunction;6907
OFL108;OffLoader detected Loader Present sensor at Press 2 Malfunction;6908
OFL109;OffLoader detected Loader Present sensor at Press 3 Malfunction;6909
OFL110;OffLoader detected Loader Present sensor at Press 4 Malfunction;6910
OFL111;OffLoader detected Press 1 Safety Screen triggered;6911
OFL112;OffLoader detected Press 2 Safety Screen triggered;6912
OFL113;OffLoader detected Press 3 Safety Screen triggered;6913
OFL114;OffLoader detected Press 4 Safety Screen triggered;6914
OFL115;OffLoader detected Press 1 is Offline;6915
OFL116;OffLoader detected Press 2 is Offline;6916
OFL117;OffLoader detected Press 3 is Offline;6917
OFL118;OffLoader detected Press 4 is Offline;6918
OFL119;OffLoader detected Out Pick Arm at not safe position;6919
OFL120;OffLoader detected LF Present at Degate;6920
OFL121;OffLoader System Vacuum move to OFF position failed;6921
OFL122;OffLoader System Vacuum move to ON position failed;6922
OFL123;OffLoader Press Plate move to UP position failed;6923
OFL124;OffLoader Press Plate move to DOWN position failed;6924
OFL125;OffLoader detected LF wrong status;6925
OFL126;OffLoader detected LF wrong status in Press 1;6926
OFL127;OffLoader detected LF wrong status in Press 2;6927
OFL128;OffLoader detected LF wrong status in Press 3;6928
OFL129;OffLoader detected LF wrong status in Press 4;6929
OFL130;OffLoader detected Cull Runner missing;6930
OFL131;OffLoader detected Mold Clean Vacuum too low;6931
OFL132;OffLoader detected Mold Clean Vacuum too high;6932
OFL133;OffLoader X move to CULL SWEEP START position failed;6933
OFL134;OffLoader X move to CULL SWEEP END position failed;6934
OFL135;OffLoader detected Cull Bin not present;6935
OFL136;OffLoader detected Cull Bin full;6936
OFL137;OffLoader detected Bottom FAM 1 Roller not at DOWN position;6937
OFL138;OffLoader detected Bottom FAM 2 Roller not at DOWN position;6938
OFL139;OffLoader detected Bottom FAM 3 Roller not at DOWN position;6939
OFL140;OffLoader detected Bottom FAM 4 Roller not at DOWN position;6940
OFL141;OffLoader System Main Ebara Pump turn OFF failed;6941
OFL142;OffLoader System Main Ebara Pump turn ON failed;6942
OFL143;OffLoader Reset Main Ebara Pump turn OFF failed;6943
OFL144;OffLoader Reset Main Ebara Pump turn ON failed;6944
OFL145;OffLoader detected System Main Ebara Pump Error;6945
OFL146;OffLoader detected Cull Remain at Press 1;6946
OFL147;OffLoader detected Cull Remain at Press 2;6947
OFL148;OffLoader detected Cull Remain at Press 3;6948
OFL149;OffLoader detected Cull Remain at Press 4;6949
OFL150;OffLoader detected Cull Drop at Press 1;6950
OFL151;OffLoader detected Cull Drop at Press 2;6951
OFL152;OffLoader detected Cull Drop at Press 3;6952
OFL153;OffLoader detected Cull Drop at Press 4;6953
OFL154;OffLoaderdetected Top FAM 1 Roller not at UP position;6954
OFL155;OffLoader detected Top FAM 2 Roller not at UP position;6955
OFL156;OffLoader detected Top FAM 3 Roller not at UP position;6956
OFL157;OffLoader detected Top FAM 4 Roller not at UP position;6957
OFL158;OffLoader detected Output Pick Arm not at Safe Position!;6958
OFL159;OffLoader detected Top Brush wear off;6959
OFL160;OffLoader detected Bottom Brush wear off;6960
OFL161;OffLoader detected LF exceed holding time limit;6961
OFL162;OffLoader detected PRP Loading Stations not at DOWN position;6962
OFL163;OffLoader detected LoaderX not at CULL SWEEP START position ;6963
OFL164;OffLoader Cull Sweep Brush move to UP position failed;6964
OFL165;OffLoader Cull Sweep Brush move to DOWN position failed;6965
OFL166;OffLoader Top Motorize Brush move failed;6966
OFL167;OffLoader Bottom Motorize Brush move failed;6967
OFL168;OffLoader detected degate location pin up failed;6968
OFL169;OffLoader detected degate location pin down failed;6969
OFL170;OffLoader Top Brush move to OUT (MidPlate Up) position failed;6970
OFL171;OffLoader Bottom Brush move to OUT (MidPlate Up) position failed;6971
OFL172;OffLoader Top Brush detected worn out;6972
OFL173;OffLoader Bottom Brush detected worn out;6973
OFL174;OffLoader Top Brush detected abnormal low friction;6974
OFL175;OffLoader Bottom Brush detected abnormal low friction;6975
OFL176;OffLoader Top Brush detected abnormal dac,  please check brush position;6976
OFL177;OffLoader Bottom Brush detected abnormal dac,  please check brush position;6977
OFL178;OffLoader detected LoaderY move to REJECT position failed.;6978
OFL179;OffLoader detected LoaderZ move to PRP position failed.;6979
OFL180;OffLoader detected No available reject tray;6980
OFL181;OffLoader detected reject unit present behind press;6981
OFL182;OffLoader detected press reject tray is not fully insert;6982
OFL183;OffLoader X move to RFID position failed;6983
OFL184;OffLoader Y move to RFID position failed;6984
OFL185;OffLoader Wait Host Reply Timeout;6985
OFL230;OffLoader detected X Channel control error;7030
OFL231;OffLoader detected X Channel search timeout error;7031
OFL232;OffLoader detected X Channel hit limit sensor error;7032
OFL233;OffLoader detected X Channel encoder fault error;7033
OFL234;OffLoader detected X Channel driver fault error;7034
OFL235;OffLoader detected X Channel exceed software position limit error;7035
OFL236;OffLoader detected X Channel open wire fault error;7036
OFL237;OffLoader detected X Channel velocity jump error;7037
OFL238;OffLoader detected X Channel RTC overload error;7038
OFL240;OffLoader detected Y Channel control error;7040
OFL241;OffLoader detected Y Channel search timeout error;7041
OFL242;OffLoader detected Y Channel hit limit sensor error;7042
OFL243;OffLoader detected Y Channel encoder fault error;7043
OFL244;OffLoader detected Y Channel driver fault error;7044
OFL245;OffLoader detected Y Channel exceed software position limit error;7045
OFL246;OffLoader detected Y Channel open wire fault error;7046
OFL247;OffLoader detected Y Channel velocity jump error;7047
OFL248;OffLoader detected Y Channel RTC overload error;7048
OFL250;OffLoader detected Top Motorize Brush Channel control error;7050
OFL251;OffLoader detected Top Motorize Brush Channel search timeout error;7051
OFL252;OffLoader detected Top Motorize Brush Channel hit limit sensor error;7052
OFL253;OffLoader detected Top Motorize Brush Channel encoder fault error;7053
OFL254;OffLoader detected Top Motorize Brush Channel driver fault error;7054
OFL255;OffLoader detected Top Motorize Brush Channel exceed software position limit error;7055
OFL256;OffLoader detected Top Motorize Brush Channel open wire fault error;7056
OFL257;OffLoader detected Top Motorize Brush Channel velocity jump error;7057
OFL258;OffLoader detected Top Motorize Brush Channel RTC overload error;7058
OFL260;OffLoader detected Bottom Motorize Brush Channel control error;7060
OFL261;OffLoader detected Bottom Motorize Brush Channel search timeout error;7061
OFL262;OffLoader detected Bottom Motorize Brush Channel hit limit sensor error;7062
OFL263;OffLoader detected Bottom Motorize Brush Channel encoder fault error;7063
OFL264;OffLoader detected Bottom Motorize Brush Channel driver fault error;7064
OFL265;OffLoader detected Bottom Motorize Brush Channel exceed software position limit error;7065
OFL266;OffLoader detected Bottom Motorize Brush Channel open wire fault error;7066
OFL267;OffLoader detected Bottom Motorize Brush Channel velocity jump error;7067
OFL268;OffLoader detected Bottom Motorize Brush Channel RTC overload error;7068
OFL302;OffLoader is Waiting for Onloader Load Material;7102
OFL305;OffLoader detected Prev Lot (Lot 1) LFs Still at Offline Press. Please remove or online back to proceed!;7105
OFL306;OffLoader is waiting Cull Bin ready;7106
OFL307;OffLoader detected Lock output failed;7107
OFS001;Out Front Segment Indexer move to HOME position failed;7801
OFS002;Out Front Segment Indexer move to STANDBY position failed;7802
OFS003;Out Front Segment Indexer move to INSPECTION START position failed;7803
OFS004;Out Front Segment Indexer move to PICKUP position failed;7804
OFS005;Out Front Segment Indexer detected OTA not at UP position;7805
OFS006;Out Front Segment Indexer detected OutPickPlacer not at UP position;7806
OFS007;Out Front Segment Indexer move to Vision Grab position failed;7807
OFS008;Out Front Segment Indexer detected Picker Y position unknown;7808
OFS009;Out Front Segment Indexer detected CleanZ not safe;7809
OFS010;Out Front Segment detected Indexer move to PRP position failed.;7810
OFS011;Out Front Segment CleanZ move to HOME position failed;7811
OFS012;Out Front Segment CleanZ commutate failed;7812
OFS013;Out Front Segment CleanZ move to CLEAN position failed;7813
OFS014;Out Front Segment detected host verify timeout.;7814
OFS015;Out Front Segment detected host verify unload timeout.;7815
OFS016;Out Front Segment Indexer move to UNIT PRESENT START position failed;7816
OFS017;Out Front Segment Indexer move to PITCH position failed;7817
OFS018;Out Front Segment Indexer move to RFID position failed;7818
OFS019;Out Front Segment detected AOI IDENTIFIER timeout.;7819
OFS020;Out Front Segment detected CleanZ Channel Control Error!;7820
OFS021;Out Front Segment detected CleanZ Channel Search Timeout Error!;7821
OFS022;Out Front Segment detected CleanZ Channel Hit Limit Sensor Error!;7822
OFS023;Out Front Segment detected CleanZ Channel Encoder Fault Error!;7823
OFS024;Out Front Segment detected CleanZ Channel Driver Fault Error!;7824
OFS025;Out Front Segment detected CleanZ Channel Exceed SW Pos Limit Error!;7825
OFS026;Out Front Segment detected CleanZ Channel Open Wire Fault Error!;7826
OFS027;Out Front Segment detected CleanZ Channel Velocity Jump Error!;7827
OFS028;Out Front Segment detected CleanZ Channel RTC Overload Error!;7828
OFS030;Out Front Segment CleanZ clear error failed;7830
OFS031;Out Front Segment TopVision move to HOME position failed;7831
OFS032;Out Front Segment TopVision commutate failed;7832
OFS033;Out Front Segment TopVision move to Vision Grab position failed;7833
OFS040;Out Front Segment detected TopVision Channel Control Error!;7840
OFS041;Out Front Segment detected TopVision Channel Search Timeout Error!;7841
OFS042;Out Front Segment detected TopVision Channel Hit Limit Sensor Error!;7842
OFS043;Out Front Segment detected TopVision Channel Encoder Fault Error!;7843
OFS044;Out Front Segment detected TopVision Channel Driver Fault Error!;7844
OFS045;Out Front Segment detected TopVision Channel Exceed SW Pos Limit Error!;7845
OFS046;Out Front Segment detected TopVision Channel Open Wire Fault Error!;7846
OFS047;Out Front Segment detected TopVision Channel Velocity Jump Error!;7847
OFS048;Out Front Segment detected TopVision Channel RTC Overload Error!;7848
OFS050;Out Front Segment TopVision clear error failed;7850
OFS051;Out Front Segment BottomVision move to HOME position failed;7851
OFS052;Out Front Segment BottomVision commutate failed;7852
OFS053;Out Front Segment BottomVision move to Vision Grab position failed;7853
OFS060;Out Front Segment detected BottomVision Channel Control Error!;7860
OFS061;Out Front Segment detected BottomVision Channel Search Timeout Error!;7861
OFS062;Out Front Segment detected BottomVision Channel Hit Limit Sensor Error!;7862
OFS063;Out Front Segment detected BottomVision Channel Encoder Fault Error!;7863
OFS064;Out Front Segment detected BottomVision Channel Driver Fault Error!;7864
OFS065;Out Front Segment detected BottomVision Channel Exceed SW Pos Limit Error!;7865
OFS066;Out Front Segment detected BottomVision Channel Open Wire Fault Error!;7866
OFS067;Out Front Segment detected BottomVision Channel Velocity Jump Error!;7867
OFS068;Out Front Segment detected BottomVision Channel RTC Overload Error!;7868
OFS070;Out Front Segment BottomVision clear error failed;7870
OFS071;Out Front Segment PRPTray Air Purge not off;7871
OFS072;Out Front Segment PRPTray Vacuum not off;7872
OFS073;Out Front Segment detected Unit Missing;7873
OFS081;Out Front Segment Top Air Blow move to OFF position failed;7881
OFS082;Out Front Segment Top Air Blow move to ON position failed;7882
OFS083;Out Front Segment Bottom Air Blow move to OFF position failed;7883
OFS084;Out Front Segment Bottom Air Blow move to ON position failed;7884
OFS085;Out Front Segment PRPTray Pin move to DOWN position failed;7885
OFS086;Out Front Segment PRPTray Pin move to UP position failed;7886
OFS087;Out Front Segment PRPTray Vacuum move to OFF position failed;7887
OFS088;Out Front Segment PRPTray Vacuum move to ON position failed;7888
OFS089;Out Front Segment PRPTray Air Purge move to OFF position failed;7889
OFS090;Out Front Segment PRPTray Air Purge move to ON position failed;7890
OFS091;Out Front Segment TopVision Brake move to OFF position failed;7891
OFS092;Out Front Segment TopVision Brake move to ON position failed;7892
OFS093;Out Front Segment BottomVision Brake move to OFF position failed;7893
OFS094;Out Front Segment BottomVision Brake move to ON position failed;7894
OFS095;Out Front Segment CleanZ Brake move to OFF position failed;7895
OFS096;Out Front Segment CleanZ Brake move to ON position failed;7896
OFS097;Out Front Segment Reset Indexer Error move to OFF position failed;7897
OFS098;Out Front Segment Reset Indexer Error move to ON position failed;7898
OFS099;Out Front Segment Not Allow Move in Auto Mode and Manual Mode;7899
OFS100;Out Front Segment Unknown LF Status;7900
OFS101;Out Front Segment inspection move to next unit fail;7901
OFS102;Out Front Segment Vision Station fail to start;7902
OFS103;Out Front Segment Vision not ready;7903
OFS104;Out Front Segment Vision fail to register motor;7904
OFS105;Out Front Segment Vision fail to get grab position;7905
OFS106;Out Front Segment Vision Inspection error;7906
OFS107;Out Front Segment Vision fail to grab image;7907
OFS108;Out Front Segment Vision timeout;7908
OFS109;Out Front Segment Vision align error;7909
OLP001;Output Load Platform Conveyor Move To Srch Sensor 1 Position Failed;8001
OLP002;Output Load Platform Conveyor Move To Srch Sensor 2 Position Failed;8002
OLP003;Output Load Platform Conveyor Move To Srch End Sensor Position Failed;8003
OLP004;Output Load Platform Roller Failed to Load Magazine;8004
OLP005;Output Load Platform Lifter Move To Down Position Failed;8005
OLP006;Output Load Platform Lifter Move To Up Position Failed;8006
OLP007;Output Load Platform Lifter Not At Down Position;8007
OLP008;Output Load Platform Lifter Not At Up Position;8008
OLP009;Output Loading Platform Open Door Button Light On Fail;8009
OLP010;Output Loading Platform Detected Magazine On Platform;8010
OLP011;Output Loading Platform Detected Platform Is Empty;8011
OLP012;Output Loading Platform PIO Load Request On Failed;8012
OLP013;Output Loading Platform PIO Load Request Off Failed;8013
OLP014;Output Loading Platform PIO Abort On Failed;8014
OLP015;Output Loading Platform PIO Abort Off Failed;8015
OLP016;Output Loading Platform PIO Ready On Failed;8016
OLP017;Output Loading Platform PIO Ready Off Failed;8017
OLP018;Output Loading Platform AGV Top Door Open Failed;8018
OLP019;Output Loading Platform AGV Top Door Close Failed;8019
OLP020;Output Loading Platform AGV Bottom Door Open Failed;8020
OLP021;Output Loading Platform AGV Bottom Door Close Failed;8021
OLP022;Output Loading Platform detected Top AGV door Not Open;8022
OLP023;Output Loading Platform detected Bottom AGV door Not Open;8023
OLP024;Output Loading Platform detected AGV Not Send TR Request please resend;8024
OLP025;Output Loading Platform detected  AGV Not Send Busy please resend;8025
OLP026;Output Loading Platform detected AGV Place Mag to Platform Timeout please retry;8026
OLP027;Output Loading Platform detected AGV Move Away from Platform Timeout please retry;8027
OLP028;Output Loading Platform detected AGV Not Send Complete please resend;8028
OME001;Output Mag Z COMMUTATE failed;8201
OME002;Output Mag Z move to HOME position failed;8202
OME003;Output Mag Z move to LOAD position failed;8203
OME004;Output Mag Z move to POST LOAD position failed;8204
OME005;Output Mag Z move to PRE UNLOAD position failed;8205
OME006;Output Mag Z move to UNLOAD position failed;8206
OME007;Output Mag Z move to FIRST SLOT position failed;8207
OME008;Output Mag Z move to SLOT position failed;8208
OME009;Output Mag Z Brake move to OFF position failed;8209
OME010;Output Mag Z Brake move to ON position failed;8210
OME011;Output Mag Y move to HOME position failed;8211
OME012;Output Mag Y move to LOAD position failed;8212
OME013;Output Mag Y move to TRACK position failed;8213
OME014;Output Mag Y move to UNLOAD position failed;8214
OME015;Output Mag Clamp Z move to HOME position failed;8215
OME016;Output Mag Clamp Z move to STANDBY position failed;8216
OME017;Output Mag Clamp Z move to CLAMP position failed;8217
OME018;Output Mag detected LF in between track;8218
OME019;Output Mag Y not at TRACK position;8219
OME020;Output Mag detected Magazine not present;8220
OME021;Output Mag detected Magazine not clamp;8221
OME022;Output Mag Z not at LOAD position;8222
OME023;Output Mag Z not at POST LOAD position;8223
OME024;Output Mag Z not at PRE UNLOAD position;8224
OME025;Output Mag Z not at UNLOAD position;8225
OME026;Output Mag detected Magazine present;8226
OME027;Output Mag detected Clamp Sensor is triggered;8227
OME028;Output Mag detected Clamp Sensor is not triggered;8228
OME029;Output Mag Z not at SLOT position;8229
OME030;Output Mag detected Unload Platform full;8230
OME031;Output Mag Z clear limit failed;8231
OME032;Output Mag request unlock timeout;8232
OME033;Output Mag detected Lot End;8233
OME034;Output Mag update Magazine Processed Info failed;8234
OME035;Output Mag detected Out Track Pusher not at Home;8235
OME036;Output Mag detected Y is not at UNLOAD position;8236
OME037;Output Mag Clamp Z move to CLAMP SEARCH position failed;8237
OME038;Output Mag Y Move Clear Platform Error! ;8238
OME039;Output Mag detected Y Not at Home Pos;8239
OME040;Output Mag detected Y Not at Load Pos;8240
OME041;Output Mag Z move to Post Unload Pos failed;8241
OME042;Output Mag detected Mag Present Sensor is Off;8242
OME043;Output Mag AGV Conveyor detected No Mag at Unload Position;8243
OME044;Output Mag detected Output Buffer Track Pusher not at safe position;8244
OME045;Output Mag detected Elev Y commutation failed;8245
OME046;Output Mag Elev Y Clear Limit sensor failed;8246
OME047;Output Mag detected door button OFF failed;8247
OME048;Output Mag detected door button ON failed;8248
OME049;Output Mag Elev Z move to PRELOAD position failed;8249
OME050;Output Mag detected Indexer at Unknown Position;8250
OME051;Output Mag Ejector move to BACKWARD position failed;8251
OME052;Output Mag Ejector move to FORWARD position failed;8252
OME053;Output Mag detected Ejector jammed;8253
OME054;Output Mag detected not at BACKWARD position;8254
OME055;Output Mag Auto Door Close Failed;8255
OME056;Output Mag Auto Door Open Failed;8256
OME057;Output Mag detected Auto Door Contact;8257
OME090;Output Mag detected Z Channel control error;8290
OME091;Output Mag detected Z Channel search time out error;8291
OME092;Output Mag detected Z Channel hit limit sensor error;8292
OME093;Output Mag detected Z Channel encoder fault error;8293
OME094;Output Mag detected Z Channel driver fault error;8294
OME095;Output Mag detected Z Channel exceed software position limit error;8295
OME096;Output Mag detected Z Channel open wire fault error;8296
OME097;Output Mag detected Z Channel velocity jump error;8297
OME098;Output Mag detected Z Channel RTC overload error;8298
OME100;Output Mag detected Y Channel control error;8300
OME101;Output Mag detected Y Channel search time out error;8301
OME102;Output Mag detected Y Channel hit limit sensor error;8302
OME103;Output Mag detected Y Channel encoder fault error;8303
OME104;Output Mag detected Y Channel driver fault error;8304
OME105;Output Mag detected Y Channel exceed software position limit error;8305
OME106;Output Mag detected Y Channel open wire fault error;8306
OME107;Output Mag detected Y Channel velocity jump error;8307
OME108;Output Mag detected Y Channel RTC overload error;8308
OME110;Output Mag detected Clamp Z Channel control error;8310
OME111;Output Mag detected Clamp Z Channel search time out error;8311
OME112;Output Mag detected Clamp Z Channel hit limit sensor error;8312
OME113;Output Mag detected Clamp Z Channel encoder fault error;8313
OME114;Output Mag detected Clamp Z Channel driver fault error;8314
OME115;Output Mag detected Clamp Z Channel exceed software position limit error;8315
OME116;Output Mag Mag detected Clamp Z Channel open wire fault error;8316
OME117;Output Mag detected Clamp Z Channel velocity jump error;8317
OME118;Output Mag detected Clamp Z Channel RTC overload error;8318
OME121;Output Mag PIO Unload Request On Failed;8321
OME122;Output Mag PIO Unload Request Off Failed;8322
OME123;Output Mag PIO Abort On Failed;8323
OME124;Output Mag PIO Abort Off Failed;8324
OME125;Output Mag PIO Ready On Failed;8325
OME126;Output Mag PIO Ready Off Failed;8326
OME127;Output Mag AGV Top Door Open Failed;8327
OME128;Output Mag AGV Top Door Close Failed;8328
OME129;Output Mag AGV Bottom Door Open Failed;8329
OME130;Output Mag AGV Bottom Door Close Failed;8330
OME131;Output Mag detected Top AGV door not Close;8331
OME132;Output Mag detected Bottom AGV door not Close;8332
OME133;Output Mag detected AGV Not Send TR Request please resend;8333
OME134;Output Mag detected AGV Not Send Busy please resend;8334
OME135;Output Mag detected AGV Move Mag from Platform Timeout please retry;8335
OME136;Output Mag detected AGV Move Away from Platform Timeout please retry;8336
OME137;Output Mag detected AGV Not Send Complete please resend;8337
ONL001;OnLoader X move to HOME position failed;8401
ONL002;OnLoader X move to PELLET Holder position failed;8402
ONL003;OnLoader X move to PREHEAT 1 position failed;8403
ONL004;OnLoader X move to REJECT PELLET position failed;8404
ONL005;OnLoader X move to PRESS 1 position failed;8405
ONL006;OnLoader X move to PRESS 2 position failed;8406
ONL007;OnLoader X move to PRESS 3 position failed;8407
ONL008;OnLoader X move to PRESS 4 position failed;8408
ONL009;OnLoader Y move to HOME position failed;8409
ONL010;OnLoader Y move to POT CLEAN Start position failed;8410
ONL011;OnLoader Y move to PREHEAT 1 position failed;8411
ONL012;OnLoader Y move to BACKWARD position failed;8412
ONL013;OnLoader Y move to PRESS 1 position failed;8413
ONL014;OnLoader Y move to PRESS 2 position failed;8414
ONL015;OnLoader Y move to PRESS 3 position failed;8415
ONL016;OnLoader Y move to PRESS 4 position failed;8416
ONL017;OnLoader Y move to MOLD CLEAN START position failed;8417
ONL018;OnLoader Y move to MOLD CLEAN END position failed;8418
ONL019;OnLoader Z move to UP position failed;8419
ONL020;OnLoader Z move to DOWN position failed;8420
ONL021;OnLoader Left Shuttle move to CLOSE position failed;8421
ONL022;OnLoader Left Shuttle move to OPEN position failed;8422
ONL023;OnLoader Gripper move to CLOSE position failed;8423
ONL024;OnLoader Gripper move to OPEN position failed;8424
ONL025;OnLoader Top Roller move to IN position failed;8425
ONL026;OnLoader Top Roller move to OUT position failed;8426
ONL027;OnLoader X COMMUTATE failed;8427
ONL028;OnLoader Y COMMUTATE failed;8428
ONL029;OnLoader Z move to HOME position failed;8429
ONL030;OnLoader detected invalid software lock position;8430
ONL031;OnLoader Y NOT SAFE to move to Pre-Heater 1 Postion;8431
ONL032;OnLoader Pellet Pusher move to UP position failed;8432
ONL033;OnLoader Pellet Pusher move to DOWN position failed;8433
ONL034;OnLoader Press Plate move to UP position failed;8434
ONL035;OnLoader Press Plate move to DOWN position failed;8435
ONL036;OnLoader X move to Press position not safe;8436
ONL037;OnLoader detected Press 1 not at Standby or Safe position;8437
ONL038;OnLoader detected Press 2 not at Standby or Safe position;8438
ONL039;OnLoader detected Press 3 not at Standby or Safe position;8439
ONL040;OnLoader detected Press 4 not at Standby or Safe position;8440
ONL041;OnLoader detected Press 1 Door not Open;8441
ONL042;OnLoader detected Press 2 Door not Open;8442
ONL043;OnLoader detected Press 3 Door not Open;8443
ONL044;OnLoader detected Press 4 Door not Open;8444
ONL045;OnLoader detected Holder 1 Pusher not at DOWN position;8445
ONL046;OnLoader detected Holder 1 Pusher Not at UP position;8446
ONL047;OnLoader Roller Not at UP position;8447
ONL048;OnLoader Loader Z Not at UP position;8448
ONL049;OnLoader X not at PRE HEATER 1 position;8449
ONL050;OnLoader X not at PRESS position;8450
ONL051;OnLoader X not at PRESS 1 position;8451
ONL052;OnLoader X not at PRESS 2 position;8452
ONL053;OnLoader X not at PRESS 3 position;8453
ONL054;OnLoader X not at PRESS 4 position;8454
ONL055;OnLoader Y not At BACKWARD position;8455
ONL056;OnLoader detected Both Shuttle No Pellets Present;8456
ONL057;OnLoader detected Both Shuttle Partial Pellet Present;8457
ONL058;OnLoader detected Missing Leadframes;8458
ONL059;OnLoader detected Partial Leadframe;8459
ONL060;OnLoader Leadframes DROPPED during Pick;8460
ONL061;OnLoader X at Wrong Preheater position;8461
ONL062;OnLoader X At Wrong Press position;8462
ONL063;OnLoader place Leadframe failed;8463
ONL064;OnLoader detected Press 1's Door Not Open;8464
ONL065;OnLoader detected Press 2's Door Not Open;8465
ONL066;OnLoader detected Press 3's Door Not Open;8466
ONL067;OnLoader detected Press 4's Door Not Open;8467
ONL068;OnLoader detected Press 1 not at STANDBY position;8468
ONL069;OnLoader detected Press 2 not at STANDBY position;8469
ONL070;OnLoader detected Press 3 not at STANDBY position;8470
ONL071;OnLoader detected Press 4 not at STANDBY position;8471
ONL072;OnLoader detected Pellet expire at Pre Heater position;8472
ONL073;OnLoader detected Pellet expire at Onloader position;8473
ONL074;OnLoader detected unknown LF;8474
ONL075;OnLoader detected Press not installed;8475
ONL076;OnLoader drop pellet failed;8476
ONL077;OnLoader detected OffLoader X not at HOME position;8477
ONL078;OnLoader detected Pellet Holder not at safe position;8478
ONL079;OnLoader detected X interlock sensor triggered (Hit Offloader);8479
ONL080;OnLoader Y not at safe position;8480
ONL081;OnLoader Botton Roller move to IN position failed;8481
ONL082;OnLoader Botton Roller move to OUT position failed;8482
ONL083;OnLoader X move to Prp Loader failed;8483
ONL084;OnLoader Y move to Prp Loader failed;8484
ONL085;OnLoader Bottom Roller not at IN position;8485
ONL086;OnLoader Prp Load not at DOWN position;8486
ONL087;OnLoader AXIS not found;8487
ONL088;OnLoader X clear limit failed;8488
ONL089;OnLoader Y clear limit failed;8489
ONL090;OnLoader detected LF still present;8490
ONL091;OnLoader detected Left LF wrong orientation;8491
ONL092;OnLoader detected Right LF wrong orientation;8492
ONL093;OnLoader place material / LF failed;8493
ONL094;OnLoader place Pellet to Pot expired;8494
ONL095;OnLoader detected Press 1 Loader Present Sensor failed;8495
ONL096;OnLoader detected Press 2 Loader Present Sensor failed;8496
ONL097;OnLoader detected Press 3 Loader Present Sensor failed;8497
ONL098;OnLoader detected Press 4 Loader Present Sensor failed;8498
ONL099;OnLoader detected Press 1 Safety Screen triggered;8499
ONL100;OnLoader detected Press 2 Safety Screen triggered;8500
ONL101;OnLoader detected Press 3 Safety Screen triggered;8501
ONL102;OnLoader detected Press 4 Safety Screen triggered;8502
ONL103;OnLoader detected Press 1 is Offline;8503
ONL104;OnLoader detected Press 2 is Offline;8504
ONL105;OnLoader detected Press 3 is Offline;8505
ONL106;OnLoader detected Press 4 is Offline;8506
ONL107;OnLoader detected Middle Plate at Press 1 is not at UP position;8507
ONL108;OnLoader detected Middle Plate at Press 2 is not at UP position;8508
ONL109;OnLoader detected Middle Plate at Press 3 is not at UP position;8509
ONL110;OnLoader detected Middle Plate at Press 4 is not at UP position;8510
ONL111;OnLoader not In PRP position;8511
ONL112;OnLoader detected Preheater 1 Gripper not at OPEN position;8512
ONL113;OnLoader detected Bottom FAM 1 Roller not at DOWN position;8513
ONL114;OnLoader detected Bottom FAM 2 Roller not at DOWN position;8514
ONL115;OnLoader detected Bottom FAM 3 Roller not at DOWN position;8515
ONL116;OnLoader detected Bottom FAM 4 Roller not at DOWN position;8516
ONL117;OnLoader detected Botom Electrical Cover not at proper position;8517
ONL118;OnLoader detected Both Shuttle wrong pellet;8518
ONL119;OnLoader detected Pellet Reject Bin full;8519
ONL120;OnLoader detected Top FAM 1 Roller not at UP position;8520
ONL121;OnLoader detected Top FAM 2 Roller not at UP position;8521
ONL122;OnLoader detected Top FAM 3 Roller not at UP position;8522
ONL123;OnLoader detected Top FAM 4 Roller not at UP position;8523
ONL124;OnLoader detected Press 1 Mis-align Sensor triggered;8524
ONL125;OnLoader detected Press 2 Mis-align Sensor triggered;8525
ONL126;OnLoader detected Press 3 Mis-align Sensor triggered;8526
ONL127;OnLoader detected Press 4 Mis-align Sensor triggered;8527
ONL128;OnLoader detected LoaderY not at PelHolder position;8528
ONL129;OnLoader Prp Loader move to DOWN position failed;8529
ONL130;OnLoader Prp Loader move to UP position failed;8530
ONL131;OnLoader detected Prp Loader not at DOWN position;8531
ONL132;OnLoader X not at Pellet Holder Position!;8532
ONL133;OnLoader detected Pellet Sensor Air Blow turn OFF failed;8533
ONL134;OnLoader detected Pellet Sensor Air Blow turn ON failed;8534
ONL135;OnLoader detected Input Front Top Door not Lock!;8535
ONL136;OnLoader detected Pellet Holder not at Home / Safe Position!;8536
ONL137;OnLoader detected Loader Z not safe to down;8537
ONL138;OnLoader Side Pusher move to CLOSE position failed;8538
ONL139;OnLoader Side Pusher move to OPEN position failed;8539
ONL140;OnLoader X move to PELLET Holder 1 Right position failed;8540
ONL141;OnLoader X move to PELLET Holder 2 Left position failed;8541
ONL142;OnLoader X move to PELLET Holder 2 Right position failed;8542
ONL143;OnLoader X move to PREHEAT 2 position failed;8543
ONL144;OnLoader Y move to PREHEAT 2 position failed;8544
ONL145;OnLoader Y detected not at PREHEAT 2 position.;8545
ONL146;OnLoader Y move to PELLET Holder 2 position failed;8546
ONL147;OnLoader X detected not at HOLDER 2 position.;8547
ONL148;OnLoader Right Shuttle move to CLOSE position failed;8548
ONL149;OnLoader Right Shuttle move to OPEN position failed;8549
ONL150;OnLoader detected Holder 1 Pusher not at DOWN position;8550
ONL151;OnLoader X move to REJECT PACKAGES position failed;8551
ONL152;OnLoader Y move to REJECT PACKAGES position failed;8552
ONL153;OnLoader detected Left Shuttle No Pellets Present;8553
ONL154;OnLoader detected Left Shuttle Partial Pellet Present;8554
ONL155;OnLoader detected Left Shuttle wrong pellet;8555
ONL156;OnLoader detected Right Shuttle No Pellets Present;8556
ONL157;OnLoader detected Right Shuttle Partial Pellet Present;8557
ONL158;OnLoader detected Right Shuttle wrong pellet;8558
ONL159;OnLoader detected Preheater 1 Unknown Left Units;8559
ONL160;OnLoader detected Preheater 2 Unknown Left Units;8560
ONL161;OnLoader detected Preheater 1 Unknown Right Units;8561
ONL162;OnLoader detected Preheater 2 Unknown Right Units;8562
ONL163;OnLoader detected Preheater 1 Unknown Both Units;8563
ONL164;OnLoader detected Preheater 2 Unknown Both Units;8564
ONL165;OnLoader detected Preheater 1 Missing Left Units;8565
ONL166;OnLoader detected Preheater 2 Missing Left Units;8566
ONL167;OnLoader detected Preheater 1 Missing Right Units;8567
ONL168;OnLoader detected Preheater 2 Missing Right Units;8568
ONL169;OnLoader detected Preheater 1 Missing Both Units;8569
ONL170;OnLoader detected Preheater 2 Missing Both Units;8570
ONL171;OnLoader detected abnormal tray status (wrong tray / units remain);8571
ONL172;OnLoader detected Reject Tray Door Not Close;8572
ONL173;OnLoader detected Wrong Reject Tray ID;8573
ONL174;OnLoader Y not safe move to Preheater 1;8574
ONL175;OnLoader Y not safe move to Preheater 2;8575
ONL176;OnLoader Wait Host Reply Timeout;8576
ONL177;OnLoader Z move to PRP position failed;8577
ONL178;OnLoader detected press reject tray is not fully insert;8578
ONL179;OnLoader detected Preheater Loading Tray is not return;8579
ONL180;OnLoader X move to RFID position failed;8580
ONL181;OnLoader failed to connect vision;8581
ONL182;OnLoader failed to get vision result;8582
ONL183;OnLoader placed parts to reject station;8583
ONL190;OnLoader detected X Channel control error;8590
ONL191;OnLoader detected X Channel search time out error;8591
ONL192;OnLoader detected X Channel hit limit sensor error;8592
ONL193;OnLoader detected X Channel encoder fault error;8593
ONL194;OnLoader detected X Channel driver fault error;8594
ONL195;OnLoader detected X Channel exceed software position limit error;8595
ONL196;OnLoader detected X Channel open wire fault error;8596
ONL197;OnLoader detected X Channel velocity jump error;8597
ONL198;OnLoader detected X Channel RTC overload error;8598
ONL200;OnLoader detected Y Channel control error;8600
ONL201;OnLoader detected Y Channel search time out error;8601
ONL202;OnLoader detected Y Channel hit limit sensor error;8602
ONL203;OnLoader detected Y Channel encoder fault error;8603
ONL204;OnLoader detected Y Channel driver fault error;8604
ONL205;OnLoader detected Y Channel exceed software position limit error;8605
ONL206;OnLoader detected Y Channel open wire fault error;8606
ONL207;OnLoader detected Y Channel velocity jump error;8607
ONL208;OnLoader detected Y Channel RTC overload error;8608
OPP001;Out Pick Placer Y move to HOME position failed;8701
OPP002;Out Pick Placer Y commutate failed;8702
OPP003;Out Pick Placer Y move to FRONTSEGMENT position failed;8703
OPP004;Out Pick Placer Y move to REJECTCONVEYOR position failed;8704
OPP005;Out Pick Placer Y move to OTK position failed;8705
OPP006;Out Pick Placer Y move to REARSHUTTLE position failed;8706
OPP010;Out Pick Placer detected Y Channel Control Error!;8710
OPP011;Out Pick Placer detected Y Channel Search Timeout Error!;8711
OPP012;Out Pick Placer detected Y Channel Hit Limit Sensor Error!;8712
OPP013;Out Pick Placer detected Y Channel Encoder Fault Error!;8713
OPP014;Out Pick Placer detected Y Channel Driver Fault Error!;8714
OPP015;Out Pick Placer detected Y Channel Exceed SW Pos Limit Error!;8715
OPP016;Out Pick Placer detected Y Channel Open Wire Fault Error!;8716
OPP017;Out Pick Placer detected Y Channel Velocity Jump Error!;8717
OPP018;Out Pick Placer detected Y Channel RTC Overload Error!;8718
OPP020;Out Pick Placer Y clear error failed;8720
OPP021;Out Pick Placer Z move to HOME position failed;8721
OPP022;Out Pick Placer Z commutate failed;8722
OPP023;Out Pick Placer Z move to UP position failed;8723
OPP024;Out Pick Placer Z move to DOWNFS position failed;8724
OPP025;Out Pick Placer Z move to DOWNRC position failed;8725
OPP026;Out Pick Placer Z move to DOWNOTK position failed;8726
OPP027;Out Pick Placer Z move to DOWNRS position failed;8727
OPP030;Out Pick Placer detected Z Channel Control Error!;8730
OPP031;Out Pick Placer detected Z Channel Search Timeout Error!;8731
OPP032;Out Pick Placer detected Z Channel Hit Limit Sensor Error!;8732
OPP033;Out Pick Placer detected Z Channel Encoder Fault Error!;8733
OPP034;Out Pick Placer detected Z Channel Driver Fault Error!;8734
OPP035;Out Pick Placer detected Z Channel Exceed SW Pos Limit Error!;8735
OPP036;Out Pick Placer detected Z Channel Open Wire Fault Error!;8736
OPP037;Out Pick Placer detected Z Channel Velocity Jump Error!;8737
OPP038;Out Pick Placer detected Z Channel RTC Overload Error!;8738
OPP040;Out Pick Placer Z clear error failed;8740
OPP041;Out Pick Placer detected Z not at UP position;8741
OPP042;Out Pick Placer Z detected FontSegment not safe;8742
OPP043;Out Pick Placer Z detected RejectConveyor not safe;8743
OPP044;Out Pick Placer Z detected OTK not safe;8744
OPP045;Out Pick Placer Z detected RearShuttle not safe;8745
OPP046;Out Pick Placer Y clear LIMIT failed;8746
OPP047;Out Pick Placer Z clear LIMIT failed;8747
OPP048;Out Pick Placer Z detected FS Unit Pusher not safe;8748
OPP049;Out Pick Placer detected Parts Holding Timeout with Blocking Signal sent;8749
OPP050;Out Pick Placer Gripper 1 move to OPEN position failed;8750
OPP051;Out Pick Placer Gripper 1 move to CLOSE position failed;8751
OPP052;Out Pick Placer Gripper 2 move to OPEN position failed;8752
OPP053;Out Pick Placer Gripper 2 move to CLOSE position failed;8753
OPP054;Out Pick Placer Gripper 3 move to OPEN position failed;8754
OPP055;Out Pick Placer Gripper 3 move to CLOSE position failed;8755
OPP056;Out Pick Placer Gripper 4 move to OPEN position failed;8756
OPP057;Out Pick Placer Gripper 4 move to CLOSE position failed;8757
OPP058;Out Pick Placer Gripper 5 move to OPEN position failed;8758
OPP059;Out Pick Placer Gripper 5 move to CLOSE position failed;8759
OPP060;Out Pick Placer Gripper 6 move to OPEN position failed;8760
OPP061;Out Pick Placer Gripper 6 move to CLOSE position failed;8761
OPP070;Out Pick Placer Z Brake move to ON position failed;8770
OPP071;Out Pick Placer Z Brake move to OFF position failed;8771
OPP080;Out Pick Placer not empty;8780
OPP081;Out Pick Placer Gripper not safe to move;8781
OPP082;Out Pick Placer Gripper close without unit;8782
OPP083;Out Pick Placer is empty;8783
ORC001;Out Reject Conveyor move to INDEX position failed;8901
ORC002;Out Reject Conveyor move to SRCHINDEX position failed;8902
ORC003;Out Reject Conveyor detected OPP not safe;8903
ORC004;Out Reject Conveyor detected unit at front;8904
ORC021;Out Reject Conveyor wait user clear units;8921
ORS001;Out Rear Shuttle move to HOME position failed;9001
ORS002;Out Rear Shuttle commutate failed;9002
ORS003;Out Rear Shuttle move to START position failed;9003
ORS004;Out Rear Shuttle move to HANDOVER position failed;9004
ORS005;Out Rear Shuttle move to PSNTSCANSTART position failed;9005
ORS006;Out Rear Shuttle move to PITCH position failed;9006
ORS007;Out Rear Shuttle clear limit failed;9007
ORS008;Out Rear Shuttle detected Unit Remain;9008
ORS009;Out Rear Shuttle detected Downstream Door Open;9009
ORS010;Out Rear Shuttle detected Channel Control Error!;9010
ORS011;Out Rear Shuttle detected Channel Search Timeout Error!;9011
ORS012;Out Rear Shuttle detected Channel Hit Limit Sensor Error!;9012
ORS013;Out Rear Shuttle detected Channel Encoder Fault Error!;9013
ORS014;Out Rear Shuttle detected Channel Driver Fault Error!;9014
ORS015;Out Rear Shuttle detected Channel Exceed SW Pos Limit Error!;9015
ORS016;Out Rear Shuttle detected Channel Open Wire Fault Error!;9016
ORS017;Out Rear Shuttle detected Channel Velocity Jump Error!;9017
ORS018;Out Rear Shuttle detected Channel RTC Overload Error!;9018
ORS020;Out Rear Shuttle clear error failed;9020
ORS021;Out Rear Shuttle detected OutPickPlacer not safe;9021
ORS022;Out Rear Shuttle detected downstream ready time out;9022
ORS023;Out Rear Shuttle detected downstream pick time out;9023
ORS024;Out Rear Shuttle Brake move to ON position failed;9024
ORS025;Out Rear Shuttle Brake move to OFF position failed;9025
ORS026;Out Rear Shuttle Board Available On Fail;9026
ORS027;Out Rear Shuttle Board Available Off Fail;9027
ORS028;Out Rear Shuttle Unknown LF Status;9028
ORS029;Out Rear Shuttle detected OutRearOffloader not safe;9029
OS002;Auto Cycle Start;9102
OS010;Auto Cycle Stop;9110
OS011;User Login;9111
OS012;User Logout;9112
OS015;Fiber connection failure;9115
OS016;SIO link error.;9116
OS017;Error in Communication,  Please check GMPErr Log file;9117
OS018;Wait for Host approval for autorun;9118
OS019;Wait for Host approval timeout;9119
OS020;Detected IO Fault;9120
OTA001;Output Pick Arm Y move to HOME position failed;9201
OTA002;Output Pick Arm Y move to PICK LF position failed;9202
OTA003;Output Pick Arm Y move to PLACE TRK FWD position failed;9203
OTA004;Output Pick Arm Y move to PLACE TRK BWD position failed;9204
OTA005;Output Pick Arm Y move to STANDBY position failed;9205
OTA006;Output Pick Arm Y move to LEFT STACKMAG position failed;9206
OTA007;Output Pick Arm Y move to RIGHT STACKMAG position failed;9207
OTA008;Output Pick Arm Z move to HOME position failed;9208
OTA009;Output Pick Arm Z move to PICK position failed;9209
OTA010;Output Pick Arm Z move to UP position failed;9210
OTA011;Output Pick Arm Z move to PLACE position failed;9211
OTA012;Output Pick Arm Z move to STANDBY position failed;9212
OTA013;Output Pick Arm Theta move to HOME position failed;9213
OTA014;Output Pick Arm Theta move to PLACE LF FWD position failed;9214
OTA015;Output Pick Arm Theta move to PICK LF position failed;9215
OTA016;Output Pick Arm Theta move to PLACE LF FWD ROT position failed;9216
OTA017;Output Pick Arm Theta move to PLACE LF BWD position failed;9217
OTA018;Output Pick Arm Theta move to PLACE LF BWD ROT position failed;9218
OTA019;Output Pick Arm Theta move to PLACE LF1 position failed;9219
OTA020;Output Pick Arm Theta move to PLACE LF2 position failed;9220
OTA021;Output Pick Arm Gripper 1 move to OPEN position failed;9221
OTA022;Output Pick Arm Gripper 1 move to CLOSE position failed;9222
OTA023;Output Pick Arm Gripper 2 move to OPEN position failed;9223
OTA024;Output Pick Arm Gripper 2 move to CLOSE position failed;9224
OTA025;Output Pick Arm detected SM not at left side;9225
OTA026;Output Pick Arm detected SM not at right side;9226
OTA027;Output Pick Arm clear Y limit failed;9227
OTA028;Output Pick Arm clear Z limit failed;9228
OTA029;Output Pick Arm Y COMMUTATE failed;9229
OTA030;Output Pick Arm Y move to DEGATE position not safe;9230
OTA031;Output Pick Arm Z move to TRACK position not safe;9231
OTA032;Output Pick Arm Z not at UP position;9232
OTA033;Output Pick Arm Y not at PICK position;9233
OTA034;Output Pick Arm detected Theta not at Pick position;9234
OTA035;Output Pick Arm detected Y not at TRACK position;9235
OTA036;Output Pick Arm detected LF still on Grippers;9236
OTA037;Output Pick Arm detected missing LF after pick;9237
OTA038;Output Pick Arm detected Output Track's Pusher not at HOME position;9238
OTA039;Output Pick Arm detected Degate not at HOME position;9239
OTA040;Output Pick Arm detected Gripper not Close;9240
OTA041;Output Pick Arm Teach position failed;9241
OTA042;Output Pick Arm Z Brake turn OFF failed;9242
OTA043;Output Pick Arm Z Brake turn ON failed;9243
OTA044;Output Pick Arm Teach position failed;9244
OTA045;Output Pick Arm detected Gripper not open;9245
OTA046;Output Pick Arm detected LF remain on gripper after place;9246
OTA047;Output Pick Arm detected unknown LF present;9247
OTA048;Output Pick Arm detected partial LF present;9248
OTA049;Detected Output Pick Arm Z not at Up / Home Position!;9249
OTA050;Output Pick Arm detected Y not safe to move;9250
OTA051;Output Pick Arm detected invalid LF Status;9251
OTA052;Output Pick Arm detected Gripper 1 move to OPEN position not safe;9252
OTA053;Output Pick Arm detected Gripper 2 move to OPENposition not safe;9253
OTA054; Output Pick Arm detected Gripper not safe to move;9254
OTA055;Output Pick Arm detected Gripper Cylinder not at CLOSES position;9255
OTA056; Output Pick Arm detected Z not safe to move;9256
OTA057;Output Pick Arm Z move to RELEASE PRP position failed;9257
OTA058;Output Pick Arm detected unknown LF at Degate;9258
OTA059;Output Pick Arm detected  OffLoader not at home / unknown position;9259
OTA060;Output Pick Arm Air Blow turn OFF failed;9260
OTA061;Output Pick Arm Air Blow turn ON failed;9261
OTA062;Output Pick Arm Y move to AIR BLOW END position failed;9262
OTA063;Output Pick Arm detected  OffLoader not at safe position;9263
OTA064;Output Pick Arm detected Y not at HOME position;9264
OTA065;Output Pick Arm Theta not at PLACE FORWARD position;9265
OTA066;Detected Output PickArm Y not at Place Position!;9266
OTA067;Detected Output PickArm Theta not at Place Position!;9267
OTA069;Detected Output Pick Arm Y Axis not at Safe Position!;9269
OTA070;Output Pick Arm detected Y Channel control error;9270
OTA071;Output Pick Arm detected Y Channel search timeout error;9271
OTA072;Output Pick Arm detected Y Channel hit limit sensor error;9272
OTA073;Output Pick Arm detected Y Channel encoder fault error;9273
OTA074;Detected Output Pick Arm Y Channel driver fault error;9274
OTA075;Output Pick Arm detected Y Channel exceed software position limit error;9275
OTA076;Output Pick Arm detected Y Channel open wire fault error;9276
OTA077;Output Pick Arm detected Y Channel velocity jump error;9277
OTA078;Output Pick Arm detected Y Channel RTC overload error;9278
OTA080;Output Pick Arm detected Z Channel control error;9280
OTA081;Output Pick Arm detected Z Channel search timeout error;9281
OTA082;Output Pick Arm detected Z Channel hit limit sensor error;9282
OTA083;Output Pick Arm detected Z Channel encoder fault error;9283
OTA084;Output Pick Arm detected Z Channel driver fault error;9284
OTA085;Output Pick Arm detected Z Channel exceed software position limit error;9285
OTA086;Output Pick Arm detected Z Channel open wire fault error;9286
OTA087;Output Pick Arm detected Z Channel velocity jump error;9287
OTA088;Output Pick Arm detected Z Channel RTC overload error;9288
OTA090;Output Pick Arm detected Theta Channel control error;9290
OTA091;Output Pick Arm detected Theta Channel search timeout error;9291
OTA092;Output Pick Arm detected Theta Channel hit limit sensor error;9292
OTA093;Output Pick Arm detected Theta Channel encoder fault error;9293
OTA094;Output Pick Arm detected Theta Channel driver fault error;9294
OTA095;Output Pick Arm detected Theta Channel exceed software position limit error;9295
OTA096;Detected Output Pick Arm Theta Channel open wire fault error;9296
OTA097;Output Pick Arm detected Theta Channel velocity jump error;9297
OTA098;Output Pick Arm detected Theta Channel RTC overload error;9298
OTA103;3GEye detected OutPickArm Y Pick Alignment has abnormal downtrend signal;9303
OTA104;3GEye detected OutPickArm Theta Pick Alignment has abnormal downtrend signal;9304
OTA105;3GEye detected OutPickArm Y Place Alignment has abnormal downtrend signal;9305
OTA106;3GEye detected OutPickArm Theta Place Alignment has abnormal downtrend signal;9306
OTA107;3GEye detected OutPickArm Y Motor has abnormal downtrend signal;9307
OTA108;3GEye detected OutPickArm Theta Motor Alignment has abnormal downtrend signal;9308
OTA120;Output Pick Arm Y move to PLACE TRACK FWD ROT position failed;9320
OTA121;Output Pick Arm Y move to PLACE TRACK BWD ROT position failed;9321
OTA122;Output Pick Arm Y move to PRP position failed;9322
OTA123;Output Pick Arm Theta move to PRP position failed;9323
OTA124;Output Pick Arm Y not at PRP position.;9324
OTA125;Output Pick Arm Theta not at PRP position.;9325
OTS001;Output Track Indexer move to HOME position failed;9501
OTS002;Output Track Indexer commutation failed;9502
OTS003;Output Track Indexer clear limit failed;9503
OTS004;Output Track Indexer move to STANDBY position failed;9504
OTS005;Output Track Indexer Search Carrier failed;9505
OTS006;Output Track Indexer move to INSPECT position failed;9506
OTS007;Output Track Indexer move to PICK position failed;9507
OTS008;Output Track Indexer move to END position failed;9508
OTS009;Output Track Indexer move to PRE-RETURN position failed;9509
OTS010;Output Track Indexer move to RETURN position failed;9510
OTS011;Output Track Width move to HOME position failed;9511
OTS012;Output Track Width move to WIDTH position failed;9512
OTS013;Output Track Gripper Open failed;9513
OTS014;Output Track Gripper Close failed;9514
OTS015;Output Track detected Gripper not Open;9515
OTS016;Output Track detected Gripper not Close;9516
OTS017;Output Track Kicker Open failed;9517
OTS018;Output Track Kicker Close failed;9518
OTS019;Output Track detected Kicker not Open;9519
OTS020;Output Track detected Kicker not Close;9520
OTS021;Output Track Indexer Return Tray failed;9521
OTS022;Output Track Indexer received Tray failed;9522
OTS023;Output Track detected Missing Tray;9523
OTS024;Output Track detected displaced unit.;9524
OTS025;Output Track detected 2D reader not connected.;9525
OTS026;Output Track detected 2D reader error.;9526
OUP001;Output Unload Platform Conveyor Move To Srch Sensor 1 Position Failed;9601
OUP002;Output Unload Platform Conveyor Move To Srch Sensor 2 Position Failed;9602
OUP003;Output Unload Platform Conveyor Move To Srch End Position Failed;9603
OUP004;Output Unload Platform Roller Failed to Unload Magazine Pos 1;9604
OUP005;Output Unload Platform Lifter Move To Down Position Failed;9605
OUP006;Output Unload Platform Lifter Move To Up Position Failed;9606
OUP007;Output Unload Platform Lifter Not At Down Position;9607
OUP008;Output Unload Platform Lifter Not At Up Position;9608
OUP009;Output Unload Platform request unlock timeout.;9609
OUP010;Output Unload Platform Mag Door Close failed.;9610
OUP011;Output Unload Platform Mag Door Button OFF failed.;9611
OUP012;Output Unload Platform Mag Door Button ON failed.;9612
OUP013;Output Unload Platform Roller Failed to Unload Magazine Pos 2;9613
PCR1001;Pellet Carrier 1 Y move to HOME position failed;9701
PCR1002;Pellet Carrier 1 Y move to STANDBY position failed;9702
PCR1003;Pellet Carrier 1 Y move to POT position failed;9703
PCR1004;Pellet Carrier 1 Y move to HOLDER position failed;9704
PCR1005;Pellet Carrier 1 Y not at HOLDER position;9705
PCR1006;Pellet Carrier 1 Y at Unknown position;9706
PCR1007;Pellet Carrier 1 Y clear limit failed;9707
PCR1008;Pellet Carrier 1 Rotator move to HOME position failed;9708
PCR1009;Pellet Carrier 1 Rotator move to LOAD PELLET position failed;9709
PCR1010;Pellet Carrier 1 Rotator move to HOLDER position failed;9710
PCR1011;Pellet Carrier 1 Rotator reset error failed;9711
PCR1012;Pellet Carrier 1 detected Holder not at HOME position;9712
PCR1013;Pellet Carrier 1 Door Indicator OFF failed;9713
PCR1014;Pellet Carrier 1 Door Indicator ON failed;9714
PCR1015;Pellet Carrier 1 detected Pusher at DOWN position;9715
PCR1016;Pellet Carrier 1 detected Door Unlock time out;9716
PCR1017;Pellet Carrier 1 detected Bottom PH Door open;9717
PCR1018;Pellet Carrier 1 detected Pellet Holder not at safe position;9718
PCR1019;Pellet Carrier 1 detected Y not at Holder position;9719
PCR1020;Pellet Carrier 1 detected Rotator not at HOME position;9720
PCR1021;Pellet Carrier 1 detected Linear X at Load / Unknown position;9721
PCR1022;Pellet Carrier 1 Y move to PELLET CHECK position failed;9722
PCR1023;Pellet Carrier 1 detected abnormal Pellet;9723
PCR2001;Pellet Carrier 2 Y move to HOME position failed;9801
PCR2002;Pellet Carrier 2 Y move to STANDBY position failed;9802
PCR2003;Pellet Carrier 2 Y move to POT position failed;9803
PCR2004;Pellet Carrier 2 Y move to HOLDER position failed;9804
PCR2005;Pellet Carrier 2 Y not at HOLDER position;9805
PCR2006;Pellet Carrier 2 Y at Unknown position;9806
PCR2007;Pellet Carrier 2 Y clear limit failed;9807
PCR2008;Pellet Carrier 2 Rotator move to HOME position failed;9808
PCR2009;Pellet Carrier 2 Rotator move to LOAD PELLET position failed;9809
PCR2010;Pellet Carrier 2 Rotator move to HOLDER position failed;9810
PCR2011;Pellet Carrier 2 Rotator reset error failed;9811
PCR2012;Pellet Carrier 2 detected Holder not at HOME position;9812
PCR2013;Pellet Carrier 2 Door Indicator OFF failed;9813
PCR2014;Pellet Carrier 2 Door Indicator ON failed;9814
PCR2015;Pellet Carrier 2 detected Pusher at DOWN position;9815
PCR2016;Pellet Carrier 2 detected Door Unlock time out;9816
PCR2017;Pellet Carrier 2 detected Bottom PH Door open;9817
PCR2018;Pellet Carrier 2 detected Pellet Holder not at safe position;9818
PCR2019;Pellet Carrier 2 detected Y not at Holder position;9819
PCR2020;Pellet Carrier 2 detected Rotator not at HOME position;9820
PCR2021;Pellet Carrier 2 detected Linear X at Load / Unknown position;9821
PCR2022;Pellet Carrier 2 Y move to PELLET CHECK position failed;9822
PCR2023;Pellet Carrier 2 detected abnormal Pellet;9823
PFB1001;Pellet Feeder 1 Bowl vibration turn OFF failed;9901
PFB1002;Pellet Feeder 1 Bowl vibration turn ON failed;9902
PFB1003;Pellet Feeder 1 Vacuum Pump turn OFF failed;9903
PFB1004;Pellet Feeder 1 Vacuum Pump turn ON failed;9904
PFB1005;Pellet Feeder 1 Hopper Conveyor move to SRCH PELLET STOP failed;9905
PFB1006;Pellet Feeder 1 detected Humidity hits Bottom Limit;9906
PFB1007;Pellet Feeder 1 detected Humidity hits Top Limit;9907
PFB1008;Pellet Feeder 1 Door Indictaor turn OFF failed;9908
PFB1009;Pellet Feeder 1 Door Indictaor turn ON failed;9909
PFB1010;Pellet Feeder 1 detected Door Unlock time out;9910
PFB1011;Pellet Feeder 1 detected Bottom FB Door open;9911
PFB1012;Pellet Feeder 1 detected Pellet Hopper Empty;9912
PFB1013;Pellet Feeder 1 detected Pellet could be Jam,  Please do physical check;9913
PFB1014;Pellet Feeder 1 detected Pellet Expiry Date exceed;9914
PFB1015;Pellet Feeder 1 detected Pellet Expiry Pre-Warning;9915
PFB1016;Pellet Feeder 1 detected Pellet Expiry Pre-Stop;9916
PFB1017;Pellet Feeder 1 detected Temperature Out of Tolerance!;9917
PFB1018;Pellet Feeder 1 Left Pellet Box Close Failed;9918
PFB1019;Pellet Feeder 1 Left Pellet Box Open Failed;9919
PFB1020;Pellet Feeder 1 Right Pellet Box Close Failed;9920
PFB1021;Pellet Feeder 1 Right Pellet Box Open Failed;9921
PFB1022;Pellet Feeder 1 Left Pellet Box Unlock Failed;9922
PFB1023;Pellet Feeder 1 Left Pellet Box Lock Failed;9923
PFB1024;Pellet Feeder 1 Right Pellet Box Unlock Failed;9924
PFB1025;Pellet Feeder 1 Right Pellet Box Lock Failed;9925
PFB1026;Pellet Feeder 1 Left Pellet Box Missing;9926
PFB1027;Pellet Feeder 1 Right Pellet Box Missing;9927
PFB1028;Pellet Feeder 1 Left Pellet Box Not Locked;9928
PFB1029;Pellet Feeder 1 Right Pellet Box Not Locked;9929
PFB1030;Pellet Feeder 1 Left Pellet Box Empty;9930
PFB1031;Pellet Feeder 1 Right Pellet Box Empty;9931
PFB1032;Pellet Feeder 1 detected both pellet box is empty;9932
PFB1033;Pellet Feeder 1 Left Pellet Box MES failed;9933
PFB1034;Pellet Feeder 1 Right Pellet Box MES failed;9934
PFB1035;Pellet Feeder 1 Left Pellet Box RFID Read failed;
PHG1020;Pellet Gripper 1 detected empty pellet loaded more than 10 times; please check sensor
PFB2001;Pellet Feeder 2 Bowl vibration turn OFF failed;10001
PFB2002;Pellet Feeder 2 Bowl vibration turn ON failed;10002
PFB2003;Pellet Feeder 2 Vacuum Pump turn OFF failed;10003
PFB2004;Pellet Feeder 2 Vacuum Pump turn ON failed;10004
PFB2005;Pellet Feeder 2 Hopper Conveyor move to SRCH PELLET STOP failed;10005
PFB2006;Pellet Feeder 2 detected Humidity hits Bottom Limit;10006
PFB2007;Pellet Feeder 2 detected Humidity hits Top Limit;10007
PFB2008;Pellet Feeder 2 Door Indictaor turn OFF failed;10008
PFB2009;Pellet Feeder 2 Door Indictaor turn ON failed;10009
PFB2010;Pellet Feeder 2 detected Door Unlock time out;10010
PFB2011;Pellet Feeder 2 detected Bottom FB Door open;10011
PFB2012;Pellet Feeder 2 detected Pellet Hopper Empty;10012
PFB2013;Pellet Feeder 2 detected Pellet could be Jam,  Please do physical check;10013
PFB2014;Pellet Feeder 2 detected Pellet Expiry Date exceed;10014
PFB2015;Pellet Feeder 2 detected Pellet Expiry Pre-Warning;10015
PFB2016;Pellet Feeder 2 detected Pellet Expiry Pre-Stop;10016
PFB2017;Pellet Feeder 2 detected Temperature Out of Tolerance!;10017
PFB2018;Pellet Feeder 2 Left Pellet Box Close Failed;10018
PFB2019;Pellet Feeder 2 Left Pellet Box Open Failed;10019
PFB2020;Pellet Feeder 2 Right Pellet Box Close Failed;10020
PFB2021;Pellet Feeder 2 Right Pellet Box Open Failed;10021
PFB2022;Pellet Feeder 2 Left Pellet Box Unlock Failed;10022
PFB2023;Pellet Feeder 2 Left Pellet Box Lock Failed;10023
PFB2024;Pellet Feeder 2 Right Pellet Box Unlock Failed;10024
PFB2025;Pellet Feeder 2 Right Pellet Box Lock Failed;10025
PFB2026;Pellet Feeder 2 Left Pellet Box Missing;10026
PFB2027;Pellet Feeder 2 Right Pellet Box Missing;10027
PFB2028;Pellet Feeder 2 Left Pellet Box Not Locked;10028
PFB2029;Pellet Feeder 2 Right Pellet Box Not Locked;10029
PFB2030;Pellet Feeder 2 Left Pellet Box Empty;10030
PFB2031;Pellet Feeder 2 Right Pellet Box Empty;10031
PFB2032;Pellet Feeder 2 detected both pellet box is empty;10032
PFB2033;Pellet Feeder 2 Left Pellet Box MES failed;10033
PFB2034;Pellet Feeder 2 Right Pellet Box MES failed;10034
PFB2035;Pellet Feeder 2 Left Pellet Box RFID Read failed;
PFB1038;Pellet Feeder 1 detected feeder bowl maybe full;
PFB2038;Pellet Feeder 2 detected feeder bowl maybe full;
PHG1001;Pellet Gripper 1 move to HOME position failed;10101
PHG1002;Pellet Gripper 1 move to OPEN position failed;10102
PHG1003;Pellet Gripper 1 move to CLOSE position failed;10103
PHG1004;Pellet Stopper 1 move to HOME position failed;10104
PHG1005;Pellet Stopper 1 move to UP position failed;10105
PHG1006;Pellet Stopper 1 move to DOWN position failed;10106
PHG1007;Pellet Gripper 1 Linear X move to HOME position failed;10107
PHG1008;Pellet Gripper 1 Linear X move to GRIP position failed;10108
PHG1009;Pellet Gripper 1 Linear X move to LOAD position failed;10109
PHG1010;Pellet Gripper 1 Linear X move to REJECT position failed;10110
PHG1011;Pellet Gripper 1 Linear X clear limit failed;10111
PHG1012;Pellet Gripper 1 Linear X COMMUTATE failed;10112
PHG1013;Pellet Gripper 1 Linear X detected Pellet Height out of tolerance;10113
PHG1014;Pellet Gripper 1 Linear X detected Bin Full;10114
PHG1015;Pellet Gripper 1 move to RETURN position failed;10115
PHG1016;Pellet Gripper 1 detected Carrier Rotator Not at HOME position;10116
PHG1017;Pellet Gripper 1 detected Gripper is not OPEN;10117
PHG1018;Pellet Gripper 1 detected load pellet failed;10118
PHG1019;Pellet Gripper 1 detected pellet weight is out of tolerance;10119
PHG1045;Pellet Gripper 1 detected setup datalog failed;10145
PHG1046;Pellet Gripper 1 detected enable datalog failed;10146
PHG1047;Pellet Gripper 1 detected disable datalog failed;10147
PHG1048;Pellet Gripper 1 detected close datalog failed;10148
PHG1049;Pellet Gripper 1 detected get datalog failed;10149
PHG1050;Pellet Gripper 1 detected Linear X Channel control error;10150
PHG1051;Pellet Gripper 1 detected Linear X Channel search time out error;10151
PHG1052;Pellet Gripper 1 detected Linear X Channel hit limit sensor error;10152
PHG1053;Pellet Gripper 1 detected Linear X Channel encoder fault error;10153
PHG1054;Pellet Gripper 1 detected Linear X Channel driver fault error;10154
PHG1055;Pellet Gripper 1 detected Linear X Channel exceed software position limit error;10155
PHG1056;Pellet Gripper 1 detected Linear X Channel open wire fault error;10156
PHG1057;Pellet Gripper 1 detected Linear X Channel velocity jump error;10157
PHG1058;Pellet Gripper 1 detected Linear X Channel RTC overload error;10158
PHG2001;Pellet Gripper 2 move to HOME position failed;10201
PHG2002;Pellet Gripper 2 move to OPEN position failed;10202
PHG2003;Pellet Gripper 2 move to CLOSE position failed;10203
PHG2004;Pellet Stopper 2 move to HOME position failed;10204
PHG2005;Pellet Stopper 2 move to UP position failed;10205
PHG2006;Pellet Stopper 2 move to DOWN position failed;10206
PHG2007;Pellet Gripper 2 Linear X move to HOME position failed;10207
PHG2008;Pellet Gripper 2 Linear X move to GRIP position failed;10208
PHG2009;Pellet Gripper 2 Linear X move to LOAD position failed;10209
PHG2010;Pellet Gripper 2 Linear X move to REJECT position failed;10210
PHG2011;Pellet Gripper 2 Linear X clear limit failed;10211
PHG2012;Pellet Gripper 2 Linear X COMMUTATE failed;10212
PHG2013;Pellet Gripper 2 Linear X detected Pellet Height out of tolerance;10213
PHG2014;Pellet Gripper 2 Linear X detected Bin Full;10214
PHG2015;Pellet Gripper 2 move to RETURN position failed;10215
PHG2016;Pellet Gripper 2 detected Carrier Rotator Not at HOME position;10216
PHG2017;Pellet Gripper 2 detected Gripper is not OPEN;10217
PHG2018;Pellet Gripper 2 detected load pellet failed;10218
PHG2019;Pellet Gripper 2 detected pellet weight is out of tolerance;10219
PHG2045;Pellet Gripper 2 detected setup datalog failed;10245
PHG2046;Pellet Gripper 2 detected enable datalog failed;10246
PHG2047;Pellet Gripper 2 detected disable datalog failed;10247
PHG2048;Pellet Gripper 2 detected close datalog failed;10248
PHG2049;Pellet Gripper 2 detected get datalog failed;10249
PHG2050;Pellet Gripper 2 detected Linear X Channel control error;10250
PHG2051;Pellet Gripper 2 detected Linear X Channel search time out error;10251
PHG2052;Pellet Gripper 2 detected Linear X Channel hit limit sensor error;10252
PHG2053;Pellet Gripper 2 detected Linear X Channel encoder fault error;10253
PHG2054;Pellet Gripper 2 detected Linear X Channel driver fault error;10254
PHG2055;Pellet Gripper 2 detected Linear X Channel exceed software position limit error;10255
PHG2056;Pellet Gripper 2 detected Linear X Channel open wire fault error;10256
PHG2057;Pellet Gripper 2 detected Linear X Channel velocity jump error;10257
PHG2058;Pellet Gripper 2 detected Linear X Channel RTC overload error;10258
PHH1001;Pellet Holder 1 move to HOME position failed;10301
PHH1002;Pellet Holder 1 move to UP position failed;10302
PHH1003;Pellet Holder 1 move to DOWN position failed;10303
PHH1004;Pellet Holder 1 move to STANDBY position failed;10304
PHH1005;Pellet Holder 1 Pusher move to DOWN position failed;10305
PHH1006;Pellet Holder 1 Pusher move to UP position failed;10306
PHH1007;Pellet Holder 1 COMMUTATE failed;10307
PHH1008;Pellet Holder 1 NOT SAFE to move to DOWN position;10308
PHH1009;Pellet Holder 1 detected Carrier's Pusher at FORWARD position;10309
PHH1010;Pellet Holder 1 detected Pusher at UP position;10310
PHH1011;Pellet Holder 1 detected Pellet Carrier move HOME timeout during initialization;10311
PHH1012;Pellet Holder 1 Brake move to OFF position failed;10312
PHH1013;Pellet Holder 1 Brake move to ON position failed;10313
PHH1014;Pellet Holder 1 detected Pellet Carrier not at HOME Pos;10314
PHH1015;Pellet Holder 1 detected pellets PRESENT in Holder;10315
PHH1016;Pellet Holder 1 detected pellets still MISSING in Holder;10316
PHH1017;Pellet Holder 1 move to WAITCARRIER position failed;10317
PHH1018;Pellet Holder 1 Teach Position failed;10318
PHH1019;Pellet Holder 1 Position Unknown;10319
PHH1020;Pellet Holder 1 detected Carrier Pusher Down Error;10320
PHH1021;Pellet Holder 1 Clear Holder Limit Error;10321
PHH1022;Pellet Holder 1 Load pellet Error;10322
PHH1023;Pellet Holder 1 Not at Down Position;10323
PHH1024;Pellet Holder 1 detected Shuttle still in Open Position;10324
PHH1025;Pellet Holder 1 detected Pellet misalignment;10325
PHH1026;Pellet Holder 1 detected Carrier Rotator not at Load Pellet position;10326
PHH1027;Pellet Holder 1 detected Carrier Rotator not at Load Holder position;10327
PHH1028;Pellet Holder 1 detected OnLoader not at Holder position;10328
PHH2001;Pellet Holder 2 move to HOME position failed;10401
PHH2002;Pellet Holder 2 move to UP position failed;10402
PHH2003;Pellet Holder 2 move to DOWN position failed;10403
PHH2004;Pellet Holder 2 move to STANDBY position failed;10404
PHH2005;Pellet Holder 2 Pusher move to DOWN position failed;10405
PHH2006;Pellet Holder 2 Pusher move to UP position failed;10406
PHH2007;Pellet Holder 2 COMMUTATE failed;10407
PHH2008;Pellet Holder 2 NOT SAFE to move to DOWN position;10408
PHH2009;Pellet Holder 2 detected Carrier's Pusher at FORWARD position;10409
PHH2010;Pellet Holder 2 detected Pusher at UP position;10410
PHH2011;Pellet Holder 2 detected Pellet Carrier move HOME timeout during initialization;10411
PHH2012;Pellet Holder 2 Brake move to OFF position failed;10412
PHH2013;Pellet Holder 2 Brake move to ON position failed;10413
PHH2014;Pellet Holder 2 detected Pellet Carrier not at HOME Pos;10414
PHH2015;Pellet Holder 2 detected pellets PRESENT in Holder;10415
PHH2016;Pellet Holder 2 detected pellets still MISSING in Holder;10416
PHH2017;Pellet Holder 2 move to WAITCARRIER position failed;10417
PHH2018;Pellet Holder 2 Teach Position failed;10418
PHH2019;Pellet Holder 2 Position Unknown;10419
PHH2020;Pellet Holder 2 detected Carrier Pusher Down Error;10420
PHH2021;Pellet Holder 2 Clear Holder Limit Error;10421
PHH2022;Pellet Holder 2 Load pellet Error;10422
PHH2023;Pellet Holder 2 Not at Down Position;10423
PHH2024;Pellet Holder 2 detected Shuttle still in Open Position;10424
PHH2025;Pellet Holder 2 detected Pellet misalignment;10425
PHH2026;Pellet Holder 2 detected Carrier Rotator not at Load Pellet position;10426
PHH2027;Pellet Holder 2 detected Carrier Rotator not at Load Holder position;10427
PHH2028;Pellet Holder 2 detected OnLoader not at Holder position;10428
SFT001;Safety Fail to OFF Red Lamp;10501
SFT002;Safety Fail to ON Red Lamp;10502
SFT003;Safety Fail to OFF Amber Lamp;10503
SFT004;Safety Fail to ON Amber Lamp;10504
SFT005;Safety Fail to OFF Green Lamp;10505
SFT006;Safety Fail to ON Green Lamp;10506
SFT007;Safety Fail to OFF Blue Lamp;10507
SFT008;Safety Fail to ON Blue Lamp;10508
SFT009;Safety Fail to OFF White Lamp;10509
SFT010;Safety Fail to ON White Lamp;10510
SFT011;Safety Fail to OFF Buzzer;10511
SFT012;Safety Fail to ON Buzzer;10512
SFT013;Safety detected Input Front Top Left Cover (IF1) not close;10513
SFT014;Safety Fail to UNLOCK Input Front Top Middle Door (IF2);10514
SFT015;Safety Fail to LOCK Input Front Top Middle Door (IF2);10515
SFT016;Safety Fail to UNLOCK Input Front Top Right Door (IF3);10516
SFT017;Safety Fail to LOCK Input Front Top Right Door (IF3);10517
SFT018;Safety Fail to UNLOCK Input Side Top Left Door (IS1);10518
SFT019;Safety Fail to LOCK Input Side Top Left Door (IS1);10519
SFT020;Safety detected Input Side Top Middle Cover (IS2) not close;10520
SFT021;Safety Fail to UNLOCK Input Side Top Right Door (IS3);10521
SFT022;Safety Fail to LOCK Input Side Top Right Door (IS3);10522
SFT023;Safety Fail to UNLOCK Input Side Bottom Left Door (IS4);10523
SFT024;Safety Fail to LOCK Input Side Bottom Left Door (IS4);10524
SFT025;Safety Fail to UNLOCK Input Rear Top Left Door (FR1);10525
SFT026;Safety Fail to LOCK Input Rear Top Left Door (FR1);10526
SFT027;Safety Fail to UNLOCK Input Rear Top Middle Door (FR2);10527
SFT028;Safety Fail to LOCK Input Rear Top Middle Door (FR2);10528
SFT029;Safety Fail to UNLOCK Input Rear Top Right Door (FR3);10529
SFT030;Safety Fail to LOCK Input Rear Top Right Door (FR3);10530
SFT031;Safety detected Input Rear Middle Cover (FR4) not close;10531
SFT032;Safety Fail to UNLOCK PH1 Rear Bottom Door (FR6);10532
SFT033;Safety Fail to LOCK PH1 Rear Bottom Door (FR6);10533
SFT034;Safety Fail to UNLOCK PH2 Rear Bottom Door (FR5);10534
SFT035;Safety Fail to LOCK PH2 Rear Bottom Door (FR5);10535
SFT036;Safety Fail to UNLOCK Input Bridge Loading Door;10536
SFT037;Safety Fail to LOCK  Input Bridge Loading Door;10537
SFT038;Safety Fail to UNLOCK Input Bridge Unloading Door;10538
SFT039;Safety Fail to LOCK Input Bridge Unloading Door;10539
SFT040;Safety Fail to UNLOCK MP 1 Front Top Door (PF1);10540
SFT041;Safety Fail to LOCK MP 1 Front Top Door (PF1);10541
SFT042;Safety Fail to UNLOCK MP 1 Front Bottom Door (PF2);10542
SFT043;Safety Fail to LOCK MP 1 Front Bottm Door (PF2);10543
SFT044;Safety Fail to UNLOCK MP 1 Rear Top Door (PR1);10544
SFT045;Safety Fail to LOCK MP 1 Rear Top Door (PR1);10545
SFT046;Safety detected MP 1 Rear Middle Cover (PR2) not close;10546
SFT047;Safety detected MP 1 Rear Bottom Cover (PR3) not close;10547
SFT048;Safety Fail to UNLOCK MP 2 Front Top Door (PF1);10548
SFT049;Safety Fail to LOCK MP 2 Front Top Door (PF1);10549
SFT050;Safety Fail to UNLOCK MP 2 Front Bottom Door (PF2);10550
SFT051;Safety Fail to LOCK MP 2 Front Bottm Door (PF2);10551
SFT052;Safety Fail to UNLOCK MP 2 Rear Top Door (PR1);10552
SFT053;Safety Fail to LOCK MP 2 Rear Top Door (PR1);10553
SFT054;Safety detected MP 2 Rear Middle Cover (PR2) not close;10554
SFT055;Safety detected MP 2 Rear Bottom Cover (PR3) not close;10555
SFT056;Safety Fail to UNLOCK MP 3 Front Top Door (PF1);10556
SFT057;Safety Fail to LOCK MP 3 Front Top Door (PF1);10557
SFT058;Safety Fail to UNLOCK MP 3 Front Bottom Door (PF2);10558
SFT059;Safety Fail to LOCK MP 3 Front Bottm Door (PF2);10559
SFT060;Safety Fail to UNLOCK MP 3 Rear Top Door (PR1);10560
SFT061;Safety Fail to LOCK MP 3 Rear Top Door (PR1);10561
SFT062;Safety detected MP 3 Rear Middle Cover (PR2) not close;10562
SFT063;Safety detected MP 3 Rear Bottom Cover (PR3) not close;10563
SFT064;Safety Fail to UNLOCK MP 4 Front Top Door (PF1);10564
SFT065;Safety Fail to LOCK MP 4 Front Top Door (PF1);10565
SFT066;Safety Fail to UNLOCK MP 4 Front Bottom Door (PF2);10566
SFT067;Safety Fail to LOCK MP 4 Front Bottm Door (PF2);10567
SFT068;Safety Fail to UNLOCK MP 4 Rear Top Door (PR1);10568
SFT069;Safety Fail to LOCK MP 4 Rear Top Door (PR1);10569
SFT070;Safety detected MP 4 Rear Middle Cover (PR2) not close;10570
SFT071;Safety detected MP 4 Rear Bottom Cover (PR3) not close;10571
SFT072;Safety Fail to UNLOCK Output Front Top Left Door (OF1);10572
SFT073;Safety Fail to LOCK Output Front Top Left Door (OF1);10573
SFT074;Safety Fail to UNLOCK Output Front Top Right Door (OF2);10574
SFT075;Safety Fail to LOCK Output Front Top Right Door (OF2);10575
SFT076;Safety Fail to UNLOCK Output Rear Top Right Door (OR3);10576
SFT077;Safety Fail to LOCK Output Rear Top Right Door (OR3);10577
SFT078;Safety Fail to UNLOCK OVI Front Top Left Door (OVF1);10578
SFT079;Safety Fail to LOCK OVI Front Top Left Door (OVF1);10579
SFT080;Safety Fail to UNLOCK OVI Front Top Right Door (OVF2);10580
SFT081;Safety Fail to LOCK OVI Front Top Right Door (OVF2);10581
SFT082;Safety Fail to UNLOCK OVI Side Top Left Door (OVS1);10582
SFT083;Safety Fail to LOCK OVI Side Top Left Door (OVS1);10583
SFT084;Safety Fail to UNLOCK OVI Side Top Right Door (OVS2);10584
SFT085;Safety Fail to LOCK OVI Side Top Right Door (OVS2);10585
SFT086;Safety Fail to UNLOCK OVI Rear Top Left Door (OVR1);10586
SFT087;Safety Fail to LOCK OVI RearTop Left Door (OVR1);10587
SFT088;Safety Fail to UNLOCK OVI Rear Top Middle Door (OVR2);10588
SFT089;Safety Fail to LOCK OVI RearTop Middle Door (OVR2);10589
SFT090;Safety Fail to UNLOCK OVI Rear Top Right Door (OVR3);10590
SFT091;Safety Fail to LOCK OVI Rear Top Right Door (OVR3);10591
SFT100;Door Not Available;10600
SFT101;Door Not Open;10601
SFT102;Safety Fail to Unlock Doors;10602
SFT103;Safety Fail to Lock Doors;10603
SFT104;Press 1 STOP Switch Not Released;10604
SFT105;Press 2 STOP Switch Not Released;10605
SFT106;Press 3 STOP Switch Not Released;10606
SFT107;Press 4 STOP Switch Not Released;10607
SFT108;Input STOP Switch Not Released;10608
SFT109;Output STOP Switch Not Released;10609
TMP001;Temperature Controller 1 Com Error;11401
TMP002;Temperature Controller 2 Com Error;11402
TMP003;Temperature Controller 3 Com Error;11403
TMP004;Temperature Controller 4 Com Error;11404
TMP005;Temperature Controller 5 Com Error;11405
TMP006;Temperature Controller 6 Com Error;11406
TMP007;Temperature Controller 7 Com Error;11407
TMP008;Temperature Controller 8 Com Error;11408
TMP009;Temperature Controller 9 Com Error;11409
TMP020;Controller 1 Tuning Done !;11420
TMP021;Controller 2 Tuning Done !;11421
TMP022;Controller 3 Tuning Done !;11422
TMP023;Controller 4 Tuning Done !;11423
TMP024;Controller 5 Tuning Done !;11424
TMP030;Controller 1 Tuning Fail !;11430
TMP031;Controller 2 Tuning Fail !;11431
TMP032;Controller 3 Tuning Fail !;11432
TMP033;Controller 4 Tuning Fail !;11433
TMP034;Controller 5 Tuning Fail !;11434
TMP035;Controller 6 Tuning Fail !;11435
TMP101;Controller 1 Channel 1 protection trigger;11501
TMP102;Controller 1 Channel 2 protection trigger;11502
TMP103;Controller 1 Channel 3 protection trigger;11503
TMP104;Controller 1 Channel 4 protection trigger;11504
TMP105;Controller 1 Channel 5 protection trigger;11505
TMP106;Controller 1 Channel 6 protection trigger;11506
TMP107;Controller 1 Channel 7 protection trigger;11507
TMP108;Controller 1 Channel 8 protection trigger;11508
TMP109;Controller 1 Channel 9 protection trigger;11509
TMP110;Controller 1 Channel 10 protection trigger;11510
TMP111;Controller 1 Channel 11 protection trigger;11511
TMP112;Controller 1 Channel 12 protection trigger;11512
TMP201;Controller 2 Channel 1 protection trigger;11601
TMP202;Controller 2 Channel 2 protection trigger;11602
TMP203;Controller 2 Channel 3 protection trigger;11603
TMP204;Controller 2 Channel 4 protection trigger;11604
TMP205;Controller 2 Channel 5 protection trigger;11605
TMP206;Controller 2 Channel 6 protection trigger;11606
TMP207;Controller 2 Channel 7 protection trigger;11607
TMP208;Controller 2 Channel 8 protection trigger;11608
TMP209;Controller 2 Channel 9 protection trigger;11609
TMP210;Controller 2 Channel 10 protection trigger;11610
TMP211;Controller 2 Channel 11 protection trigger;11611
TMP212;Controller 2 Channel 12 protection trigger;11612
TMP301;Controller 3 Channel 1 protection trigger;11701
TMP302;Controller 3 Channel 2 protection trigger;11702
TMP303;Controller 3 Channel 3 protection trigger;11703
TMP304;Controller 3 Channel 4 protection trigger;11704
TMP305;Controller 3 Channel 5 protection trigger;11705
TMP306;Controller 3 Channel 6 protection trigger;11706
TMP307;Controller 3 Channel 7 protection trigger;11707
TMP308;Controller 3 Channel 8 protection trigger;11708
TMP309;Controller 3 Channel 9 protection trigger;11709
TMP310;Controller 3 Channel 10 protection trigger;11710
TMP311;Controller 3 Channel 11 protection trigger;11711
TMP312;Controller 3 Channel 12 protection trigger;11712
TMP401;Controller 4 Channel 1 protection trigger;11801
TMP402;Controller 4 Channel 2 protection trigger;11802
TMP403;Controller 4 Channel 3 protection trigger;11803
TMP404;Controller 4 Channel 4 protection trigger;11804
TMP405;Controller 4 Channel 5 protection trigger;11805
TMP406;Controller 4 Channel 6 protection trigger;11806
TMP407;Controller 4 Channel 7 protection trigger;11807
TMP408;Controller 4 Channel 8 protection trigger;11808
TMP409;Controller 4 Channel 9 protection trigger;11809
TMP410;Controller 4 Channel 10 protection trigger;11810
TMP411;Controller 4 Channel 11 protection trigger;11811
TMP412;Controller 4 Channel 12 protection trigger;11812
TMP501;Controller 5 Channel 1 protection trigger;11901
TMP502;Controller 5 Channel 2 protection trigger;11902
TMP503;Controller 5 Channel 3 protection trigger;11903
TMP504;Controller 5 Channel 4 protection trigger;11904
TMP505;Controller 5 Channel 5 protection trigger;11905
TMP506;Controller 5 Channel 6 protection trigger;11906
TMP507;Controller 5 Channel 7 protection trigger;11907
TMP508;Controller 5 Channel 8 protection trigger;11908
TMP509;Controller 5 Channel 9 protection trigger;11909
TMP510;Controller 5 Channel 10 protection trigger;11910
TMP511;Controller 5 Channel 11 protection trigger;11911
TMP512;Controller 5 Channel 12 protection trigger;11912
TMP601;Controller 6 Channel 1 protection trigger;12001
TMP602;Controller 6 Channel 2 protection trigger;12002
TMP603;Controller 6 Channel 3 protection trigger;12003
TMP604;Controller 6 Channel 4 protection trigger;12004
TMP605;Controller 6 Channel 5 protection trigger;12005
TMP606;Controller 6 Channel 6 protection trigger;12006
TMP607;Controller 6 Channel 7 protection trigger;12007
TMP608;Controller 6 Channel 8 protection trigger;12008
TMP609;Controller 6 Channel 9 protection trigger;12009
TMP610;Controller 6 Channel 10 protection trigger;12010
TMP611;Controller 6 Channel 11 protection trigger;12011
TMP612;Controller 6 Channel 12 protection trigger;12012
TMP701;Controller 7 Channel 1 protection trigger;12101
TMP702;Controller 7 Channel 2 protection trigger;12102
TMP703;Controller 7 Channel 3 protection trigger;12103
TMP704;Controller 7 Channel 4 protection trigger;12104
TMP705;Controller 7 Channel 5 protection trigger;12105
TMP706;Controller 7 Channel 6 protection trigger;12106
TMP707;Controller 7 Channel 7 protection trigger;12107
TMP708;Controller 7 Channel 8 protection trigger;12108
TMP709;Controller 7 Channel 9 protection trigger;12109
TMP710;Controller 7 Channel 10 protection trigger;12110
TMP711;Controller 7 Channel 11 protection trigger;12111
TMP712;Controller 7 Channel 12 protection trigger;12112
TMP801;Controller 8 Channel 1 protection trigger;12201
TMP802;Controller 8 Channel 2 protection trigger;12202
TMP803;Controller 8 Channel 3 protection trigger;12203
TMP804;Controller 8 Channel 4 protection trigger;12204
TMP805;Controller 8 Channel 5 protection trigger;12205
TMP806;Controller 8 Channel 6 protection trigger;12206
TMP807;Controller 8 Channel 7 protection trigger;12207
TMP808;Controller 8 Channel 8 protection trigger;12208
TMP809;Controller 8 Channel 9 protection trigger;12209
TMP810;Controller 8 Channel 10 protection trigger;12210
TMP811;Controller 8 Channel 11 protection trigger;12211
TMP812;Controller 8 Channel 12 protection trigger;12212
TMP901;Controller 9 Channel 1 protection trigger;12301
TMP902;Controller 9 Channel 2 protection trigger;12302
TMP903;Controller 9 Channel 3 protection trigger;12303
TMP904;Controller 9 Channel 4 protection trigger;12304
TMP905;Controller 9 Channel 5 protection trigger;12305
TMP906;Controller 9 Channel 6 protection trigger;12306
TMP907;Controller 9 Channel 7 protection trigger;12307
TMP908;Controller 9 Channel 8 protection trigger;12308
TMP909;Controller 9 Channel 9 protection trigger;12309
TMP910;Controller 9 Channel 10 protection trigger;12310
TMP911;Controller 9 Channel 11 protection trigger;12311
TMP912;Controller 9 Channel 12 protection trigger;12312
SEC001;Host sent start system command;12401
SEC002;Host sent complete stop system command;12402
SEC003;Host sent pause system command;12403
SEC004;Host sent resume system command;12404
SEC005;Host sent terminal message;12405
SEC006;Host sent cycle stop system command;12406
SEC008;Host sent wrong format Strip Map File;12408
SEC009;ACK_PELLET - ACK_CODE 1 - Approved for usage with warning;12409
SEC010;ACK_PELLET - ACK_CODE 2 - Not approved for usage;12410
SEC011;ACK_WPC - ACK_CODE 1 - Bring Carrier back to Magazine;12411
SEC012;ACK_WPC - ACK_CODE 2 - Wait for operator assistance;12412
SEC013;ACK_PREWARMING - ACK_CODE 1 - Place parts on reject position;12413
SEC014;ACK_PREWARMING - ACK_CODE 2 - Wait for operator assistance;12414
SEC015;ACK_MOLDING - ACK_CODE 1 - Place parts on reject position;12415
SEC016;ACK_MOLDING - ACK_CODE 2 - Wait for operator assistance;12416
SEC017;ACK_MOLDING - ACK_CODE 3 - At least one Pellet blocked;12417
SEC018;ACK_AOI - ACK_CODE 1 - Place parts on reject position;12418
SEC019;ACK_AOI - ACK_CODE 2 - Wait for operator assistance;12419
SEC020;ACK_TOOL - ACK_CODE 1 - Approved for usage with warning;12420
SEC021;ACK_TOOL - ACK_CODE 2 - Not approved for usage;12421
SEC022;ACK_UNLOAD - ACK_CODE 1 - Place parts on reject position;12422
SEC023;ACK_UNLOAD - ACK_CODE 2 - Wait for operator assistance;12423
SEC024;PREPARE PROCESS is required;12424
SEC025;Prepare process conversion completed;12425
SEC026;Prepare process conversion failed;12426
SEC027;MES detected recipe name not matched;12427
SEC028;MES detected Pellet ID not approved;12428
SEC029;MES detected Prewarm and Preheater not ready;12429
SEC030;MES detected Pellet Handler not ready;12430
SEC031;MES detected Press not ready;12431
SEC032;MES detected PRP not ready;12432
SEC033;ACK_DEGATING - ACK_CODE 1 - Place parts on reject position;12433
SEC034;ACK_DEGATING - ACK_CODE 2 - Wait for operator assistance;12434
SYS001;Detected System Air Pressure too Low!;13001
SYS002;Detected System Air Pressure too High!;13002
SYS003;Detected System Vacuum Pressure too Low!;13003
SYS004;Detected System Vacuum Pressure too High!;13004
SYS005;Detected Door is not opened after error!;13005
SYS006;OUR Protection Triggered!;13006
SYS007;Surge Arrestor Triggered!;13007
SYS008;Please Reset PS-EMS Signal before continue!;13008
SYS009;Schedule Down Time;13009
SYS010;System detected Exhaust Flow Meter Lower than Limit;13010
SYS011;System detected Exhaust Flow Meter Higher than Limit;13011
